,AWAY_PTS,AWAY_TEAM,DATE,HOME_PTS,HOME_TEAM,HOME_TEAM_WINS,MARGIN,OLD_INDEX,PRED_AWAY_PTS,PRED_AWAY_WIN_PROB,PRED_HOME_PTS,PRED_HOME_TEAM_WINS,PRED_HOME_WIN_PROB
0,122,NOP,2019-10-22,130,TOR,1,0.03987240829346095,0,111.5,0.30303030303030304,118.0,1.0,0.7368421052631579
1,102,LAL,2019-10-22,112,LAC,1,0.04285714285714293,2,113.75,0.6428571428571429,110.25,0.0,0.4
2,119,DET,2019-10-23,110,IND,0,0.044117647058823595,4,102.0,0.29411764705882354,109.0,1.0,0.75
3,85,CLE,2019-10-23,94,ORL,1,0.04615384615384621,6,101.0,0.2,110.5,1.0,0.8461538461538461
4,125,CHI,2019-10-23,126,CHA,1,0.03779289493575222,8,110.0,0.6296296296296297,106.5,0.0,0.40816326530612246
5,93,BOS,2019-10-23,107,PHI,1,0.05070993914807298,10,104.5,0.3448275862068966,110.0,1.0,0.7058823529411765
6,101,MEM,2019-10-23,120,MIA,1,0.044117647058823595,12,103.25,0.29411764705882354,109.75,1.0,0.75
7,127,MIN,2019-10-23,126,BKN,0,0.03586464992983007,14,112.75,0.4132231404958678,116.25,1.0,0.6226415094339622
8,111,NYK,2019-10-23,120,SAS,1,0.04235294117647048,16,101.75,0.16,112.75,1.0,0.8823529411764706
9,100,WAS,2019-10-23,108,DAL,1,0.04040404040404044,18,105.5,0.2222222222222222,114.5,1.0,0.8181818181818182
10,95,OKC,2019-10-23,100,UTA,1,0.04385964912280693,20,106.25,0.21052631578947367,115.25,1.0,0.8333333333333334
11,95,SAC,2019-10-23,124,PHX,1,0.04707884288145214,22,116.75,0.5348837209302325,115.75,0.0,0.5121951219512195
12,108,DEN,2019-10-23,100,POR,0,0.045454545454545414,24,109.5,0.5454545454545454,108.0,0.0,0.5
13,117,ATL,2019-10-24,100,DET,0,0.04336043360433606,26,110.0,0.4878048780487805,111.5,1.0,0.5555555555555556
14,117,MIL,2019-10-24,111,HOU,0,0.045454545454545414,28,114.75,0.5,116.25,1.0,0.5454545454545454
15,141,LAC,2019-10-24,122,GSW,0,0.04761904761904767,30,114.75,0.5238095238095238,114.75,0.5,0.5238095238095238
16,106,TOR,2019-10-25,112,BOS,1,0.037878787878787845,32,105.25,0.45454545454545453,107.75,1.0,0.5833333333333334
17,121,MIN,2019-10-25,99,CHA,0,0.044642857142857206,34,115.0,0.6875,110.0,0.0,0.35714285714285715
18,109,NYK,2019-10-25,113,BKN,1,0.04576659038901609,36,110.0,0.2631578947368421,118.0,1.0,0.782608695652174
19,97,WAS,2019-10-25,85,OKC,0,0.050000000000000044,38,104.75,0.25,113.25,1.0,0.8
20,123,DAL,2019-10-25,116,NOP,0,0.04140786749482395,40,112.5,0.47619047619047616,114.5,1.0,0.5652173913043478
21,110,CHI,2019-10-25,102,MEM,0,0.04336043360433606,42,113.0,0.5555555555555556,111.0,0.0,0.4878048780487805
22,107,PHX,2019-10-25,108,DEN,1,0.042424242424242475,44,103.75,0.13333333333333333,115.75,1.0,0.9090909090909091
23,122,POR,2019-10-25,112,SAC,0,0.045454545454545414,46,114.25,0.5454545454545454,113.25,0.0,0.5
24,86,UTA,2019-10-25,95,LAL,1,0.03205128205128216,48,106.0,0.4166666666666667,109.5,1.0,0.6153846153846154
25,131,MIA,2019-10-26,126,MIL,0,0.04273504273504258,50,105.75,0.15384615384615385,117.25,1.0,0.8888888888888888
26,117,PHI,2019-10-26,111,DET,0,0.039787798408488007,52,108.75,0.6551724137931034,104.25,0.0,0.38461538461538464
27,118,BOS,2019-10-26,95,NYK,0,0.05070993914807298,54,112.0,0.7058823529411765,106.5,0.0,0.3448275862068966
28,99,ORL,2019-10-26,103,ATL,1,0.03958436417615041,56,109.5,0.574468085106383,107.0,0.0,0.46511627906976744
29,99,IND,2019-10-26,110,CLE,1,0.039787798408488007,58,108.75,0.6551724137931034,104.25,0.0,0.38461538461538464
30,108,TOR,2019-10-26,84,CHI,0,0.03337505214851899,60,111.25,0.6078431372549019,108.25,0.0,0.425531914893617
31,123,NOP,2019-10-26,126,HOU,1,0.042424242424242475,62,113.25,0.13333333333333333,125.25,1.0,0.9090909090909091
32,122,WAS,2019-10-26,124,SAS,1,0.042424242424242475,64,104.0,0.13333333333333333,115.5,1.0,0.9090909090909091
33,81,SAC,2019-10-26,113,UTA,1,0.04040404040404044,66,106.25,0.2222222222222222,115.25,1.0,0.8181818181818182
34,122,LAC,2019-10-26,130,PHX,1,0.04615384615384621,68,117.75,0.8461538461538461,107.75,0.0,0.2
35,92,GSW,2019-10-27,120,OKC,1,0.045454545454545414,70,111.5,0.5,112.5,1.0,0.5454545454545454
36,133,BKN,2019-10-27,134,MEM,1,0.04285714285714293,72,114.0,0.6428571428571429,110.0,0.0,0.4
37,109,MIA,2019-10-27,116,MIN,1,0.044117647058823595,74,108.5,0.29411764705882354,115.5,1.0,0.75
38,121,POR,2019-10-27,119,DAL,0,0.03628117913832196,76,108.25,0.4444444444444444,110.75,1.0,0.5918367346938775
39,101,CHA,2019-10-27,120,LAL,1,0.04444444444444451,78,101.75,0.1111111111111111,114.75,1.0,0.9333333333333333
40,94,IND,2019-10-28,96,DET,1,0.04140786749482395,80,107.5,0.5652173913043478,105.5,0.0,0.47619047619047616
41,98,CHI,2019-10-28,105,NYK,1,0.03958436417615041,82,113.0,0.574468085106383,111.0,0.0,0.46511627906976744
42,105,PHI,2019-10-28,103,ATL,0,0.03987240829346095,84,113.75,0.7368421052631579,107.25,0.0,0.30303030303030304
43,95,ORL,2019-10-28,104,TOR,1,0.04105571847507328,86,102.0,0.36363636363636365,107.0,1.0,0.6774193548387096
44,134,GSW,2019-10-28,123,NOP,0,0.037878787878787845,88,116.5,0.45454545454545453,119.0,1.0,0.5833333333333334
45,112,CLE,2019-10-28,129,MIL,1,0.04466501240694787,90,104.5,0.07692307692307693,120.0,1.0,0.967741935483871
46,112,OKC,2019-10-28,116,HOU,1,0.04761904761904745,92,109.0,0.19047619047619047,119.0,1.0,0.8571428571428571
47,110,POR,2019-10-28,113,SAS,1,0.04761904761904767,94,108.5,0.3333333333333333,114.5,1.0,0.7142857142857143
48,96,UTA,2019-10-28,95,PHX,0,0.039787798408488007,96,109.25,0.6551724137931034,104.25,0.0,0.38461538461538464
49,101,DEN,2019-10-28,94,SAC,0,0.044642857142857206,98,111.75,0.6875,106.25,0.0,0.35714285714285715
50,96,CHA,2019-10-28,111,LAC,1,0.04466501240694787,100,106.25,0.07692307692307693,121.75,1.0,0.967741935483871
51,97,ATL,2019-10-29,112,MIA,1,0.050000000000000044,102,107.25,0.25,115.75,1.0,0.8
52,109,DAL,2019-10-29,106,DEN,0,0.04784688995215314,104,103.5,0.3508771929824561,109.0,1.0,0.696969696969697
53,91,MEM,2019-10-29,120,LAL,1,0.04288499025341119,106,101.75,0.14814814814814814,113.25,1.0,0.8947368421052632
54,83,NYK,2019-10-30,95,ORL,1,0.04385964912280693,108,100.0,0.21052631578947367,109.5,1.0,0.8333333333333334
55,95,MIN,2019-10-30,117,PHI,1,0.04181184668989557,110,107.75,0.2857142857142857,114.75,1.0,0.7560975609756098
56,111,CHI,2019-10-30,117,CLE,1,0.04140786749482395,112,109.25,0.5652173913043478,107.25,0.0,0.47619047619047616
57,113,DET,2019-10-30,125,TOR,1,0.04385964912280693,114,102.25,0.21052631578947367,111.75,1.0,0.8333333333333334
58,118,IND,2019-10-30,108,BKN,0,0.034782608695652195,116,108.75,0.43478260869565216,111.75,1.0,0.6
59,105,MIL,2019-10-30,116,BOS,1,0.03586464992983007,118,113.75,0.6226415094339622,110.25,0.0,0.4132231404958678
60,159,HOU,2019-10-30,158,WAS,0,0.04444444444444451,120,121.0,0.7777777777777778,113.0,0.0,0.26666666666666666
61,102,POR,2019-10-30,99,OKC,0,0.045454545454545414,122,111.5,0.5454545454545454,110.0,0.0,0.5
62,118,CHA,2019-10-30,111,SAC,0,0.04444444444444451,124,108.0,0.26666666666666666,115.5,1.0,0.7777777777777778
63,96,LAC,2019-10-30,110,UTA,1,0.03987240829346095,126,104.75,0.30303030303030304,111.75,1.0,0.7368421052631579
64,121,PHX,2019-10-30,110,GSW,0,0.04784688995215314,128,112.5,0.3508771929824561,118.0,1.0,0.696969696969697
65,106,MIA,2019-10-31,97,ATL,0,0.042229729729729826,130,111.0,0.7297297297297297,104.5,0.0,0.3125
66,107,DEN,2019-10-31,122,NOP,1,0.04285714285714293,132,113.75,0.6428571428571429,109.75,0.0,0.4
67,97,SAS,2019-10-31,103,LAC,1,0.03703703703703698,134,112.0,0.37037037037037035,117.0,1.0,0.6666666666666666
68,116,HOU,2019-11-01,123,BKN,1,0.039787798408488007,136,124.25,0.6551724137931034,119.75,0.0,0.38461538461538464
69,123,MIL,2019-11-01,91,ORL,0,0.039787798408488007,138,109.75,0.6551724137931034,105.25,0.0,0.38461538461538464
70,95,CLE,2019-11-01,102,IND,1,0.04521963824289399,140,103.75,0.2777777777777778,111.25,1.0,0.7674418604651163
71,102,NYK,2019-11-01,104,BOS,1,0.04166666666666674,142,100.75,0.16666666666666666,111.25,1.0,0.875
72,106,DET,2019-11-01,112,CHI,1,0.03586464992983007,144,106.25,0.4132231404958678,109.75,1.0,0.6226415094339622
73,119,LAL,2019-11-01,110,DAL,0,0.04336043360433606,146,109.25,0.5555555555555556,107.75,0.0,0.4878048780487805
74,101,UTA,2019-11-01,102,SAC,1,0.04105571847507328,148,109.5,0.6774193548387096,104.5,0.0,0.36363636363636365
75,127,SAS,2019-11-01,110,GSW,0,0.044117647058823595,150,115.0,0.75,108.0,0.0,0.29411764705882354
76,104,NOP,2019-11-02,115,OKC,1,0.04140786749482395,152,113.0,0.47619047619047616,115.0,1.0,0.5652173913043478
77,109,BKN,2019-11-02,113,DET,1,0.04285714285714293,154,113.25,0.6428571428571429,109.25,0.0,0.4
78,91,DEN,2019-11-02,87,ORL,0,0.04285714285714293,156,101.75,0.6428571428571429,97.75,0.0,0.4
79,114,PHX,2019-11-02,105,MEM,0,0.034782608695652195,158,112.25,0.6,109.25,0.0,0.43478260869565216
80,131,MIN,2019-11-02,109,WAS,0,0.034782608695652195,160,113.25,0.43478260869565216,116.25,1.0,0.6
81,105,TOR,2019-11-02,115,MIL,1,0.04480286738351258,162,110.25,0.3225806451612903,116.25,1.0,0.7222222222222222
82,93,CHA,2019-11-02,87,GSW,0,0.046178711613946044,164,113.5,0.7183098591549296,107.5,0.0,0.32786885245901637
83,129,PHI,2019-11-02,128,POR,0,0.04707884288145214,166,111.25,0.5121951219512195,112.25,1.0,0.5348837209302325
84,95,CHI,2019-11-03,108,IND,1,0.04140786749482395,168,107.5,0.47619047619047616,109.5,1.0,0.5652173913043478
85,100,HOU,2019-11-03,129,MIA,1,0.03337505214851899,170,118.25,0.6078431372549019,115.25,0.0,0.425531914893617
86,113,SAC,2019-11-03,92,NYK,0,0.04707884288145214,172,107.25,0.5348837209302325,106.25,0.0,0.5121951219512195
87,103,LAL,2019-11-03,96,SAS,0,0.045454545454545414,174,109.25,0.5454545454545454,108.25,0.0,0.5
88,131,DAL,2019-11-03,111,CLE,0,0.044642857142857206,176,112.0,0.6875,106.5,0.0,0.35714285714285715
89,94,UTA,2019-11-03,105,LAC,1,0.03703703703703698,178,104.75,0.37037037037037035,109.25,1.0,0.6666666666666666
90,99,DET,2019-11-04,115,WAS,1,0.04285714285714293,180,110.75,0.4,114.75,1.0,0.6428571428571429
91,125,NOP,2019-11-04,135,BKN,1,0.03779289493575222,182,117.5,0.40816326530612246,121.0,1.0,0.6296296296296297
92,134,MIL,2019-11-04,106,MIN,0,0.04521963824289399,184,118.5,0.7674418604651163,111.0,0.0,0.2777777777777778
93,107,HOU,2019-11-04,100,MEM,0,0.05070993914807298,186,117.75,0.7058823529411765,112.25,0.0,0.3448275862068966
94,109,PHI,2019-11-04,114,PHX,1,0.04761904761904767,188,112.0,0.5238095238095238,112.0,0.5,0.5238095238095238
95,118,POR,2019-11-04,127,GSW,1,0.04285714285714293,190,116.0,0.9,104.0,0.0,0.14285714285714285
96,119,BOS,2019-11-05,113,CLE,0,0.04480286738351258,192,110.75,0.7222222222222222,104.75,0.0,0.3225806451612903
97,120,IND,2019-11-05,122,CHA,1,0.03958436417615041,194,107.5,0.574468085106383,105.0,0.0,0.46511627906976744
98,100,SAS,2019-11-05,108,ATL,1,0.05070993914807298,196,114.0,0.7058823529411765,108.5,0.0,0.3448275862068966
99,94,ORL,2019-11-05,102,OKC,1,0.03628117913832196,198,99.25,0.4444444444444444,101.75,1.0,0.5918367346938775
100,118,LAL,2019-11-05,112,CHI,0,0.04181184668989557,200,111.25,0.7560975609756098,104.25,0.0,0.2857142857142857
101,89,MIA,2019-11-05,109,DEN,1,0.044642857142857206,202,103.0,0.35714285714285715,108.0,1.0,0.6875
102,102,NYK,2019-11-06,122,DET,1,0.03586464992983007,204,101.25,0.4132231404958678,104.75,1.0,0.6226415094339622
103,106,WAS,2019-11-06,121,IND,1,0.034782608695652195,206,112.0,0.43478260869565216,115.0,1.0,0.6
104,120,SAC,2019-11-06,124,TOR,1,0.04444444444444451,208,105.5,0.26666666666666666,113.5,1.0,0.7777777777777778
105,112,GSW,2019-11-06,129,HOU,1,0.044871794871794934,210,106.5,0.08333333333333333,122.5,1.0,0.9615384615384616
106,113,CHI,2019-11-06,93,ATL,0,0.04761904761904767,212,110.75,0.5238095238095238,110.75,0.5,0.5238095238095238
107,121,MIN,2019-11-06,137,MEM,1,0.03779289493575222,214,114.0,0.6296296296296297,110.5,0.0,0.40816326530612246
108,106,ORL,2019-11-06,107,DAL,1,0.04181184668989557,216,100.25,0.2857142857142857,107.25,1.0,0.7560975609756098
109,104,PHI,2019-11-06,106,UTA,1,0.034782608695652195,218,103.0,0.43478260869565216,106.0,1.0,0.6
110,129,MIL,2019-11-06,124,LAC,0,0.042229729729729826,220,117.5,0.7297297297297297,111.0,0.0,0.3125
111,108,BOS,2019-11-07,87,CHA,0,0.04181184668989557,222,110.75,0.7560975609756098,103.75,0.0,0.2857142857142857
112,112,OKC,2019-11-07,121,SAS,1,0.03703703703703698,224,103.25,0.37037037037037035,108.25,1.0,0.6666666666666666
113,124,MIA,2019-11-07,108,PHX,0,0.04140786749482395,226,109.0,0.47619047619047616,111.0,1.0,0.5652173913043478
114,101,POR,2019-11-07,107,LAC,1,0.05070993914807298,228,112.75,0.3448275862068966,118.25,1.0,0.7058823529411765
115,106,DET,2019-11-08,112,IND,1,0.04480286738351258,230,102.0,0.3225806451612903,108.0,1.0,0.7222222222222222
116,113,CLE,2019-11-08,100,WAS,0,0.039787798408488007,232,114.25,0.38461538461538464,118.75,1.0,0.6551724137931034
117,86,MEM,2019-11-08,118,ORL,1,0.04521963824289399,234,100.5,0.2777777777777778,108.0,1.0,0.7674418604651163
118,121,SAC,2019-11-08,109,ATL,0,0.034782608695652195,236,114.25,0.6,111.25,0.0,0.43478260869565216
119,119,GSW,2019-11-08,125,MIN,1,0.04235294117647048,238,108.5,0.16,120.0,1.0,0.8823529411764706
120,122,TOR,2019-11-08,104,NOP,0,0.03958436417615041,240,117.5,0.574468085106383,115.0,0.0,0.46511627906976744
121,106,NYK,2019-11-08,102,DAL,0,0.04166666666666674,242,102.25,0.16666666666666666,113.25,1.0,0.875
122,100,MIL,2019-11-08,103,UTA,1,0.03958436417615041,244,109.75,0.574468085106383,107.75,0.0,0.46511627906976744
123,97,PHI,2019-11-08,100,DEN,1,0.044642857142857206,246,103.25,0.35714285714285715,108.25,1.0,0.6875
124,119,BKN,2019-11-08,115,POR,0,0.03779289493575222,248,118.0,0.40816326530612246,121.5,1.0,0.6296296296296297
125,80,MIA,2019-11-08,95,LAL,1,0.04481792717086841,250,104.75,0.23529411764705882,113.25,1.0,0.8095238095238095
126,135,BOS,2019-11-09,115,SAS,0,0.04336043360433606,252,108.5,0.4878048780487805,110.0,1.0,0.5555555555555556
127,115,NOP,2019-11-09,110,CHA,0,0.04336043360433606,254,116.75,0.5555555555555556,115.25,0.0,0.4878048780487805
128,108,GSW,2019-11-09,114,OKC,1,0.04285714285714293,256,101.75,0.14285714285714285,114.25,1.0,0.9
129,138,DAL,2019-11-09,122,MEM,0,0.05070993914807298,258,113.75,0.7058823529411765,108.25,0.0,0.3448275862068966
130,117,HOU,2019-11-09,94,CHI,0,0.04102564102564088,260,120.25,0.7333333333333333,113.75,0.0,0.3076923076923077
131,100,DEN,2019-11-10,98,MIN,0,0.04285714285714293,262,111.5,0.6428571428571429,107.5,0.0,0.4
132,109,IND,2019-11-10,102,ORL,0,0.03703703703703698,264,99.0,0.37037037037037035,103.5,1.0,0.6666666666666666
133,106,CHA,2019-11-10,114,PHI,1,0.040723981900452566,266,99.75,0.11764705882352941,113.75,1.0,0.9230769230769231
134,121,MIL,2019-11-10,119,OKC,0,0.04481792717086841,268,114.25,0.8095238095238095,105.25,0.0,0.23529411764705882
135,108,CLE,2019-11-10,87,NYK,0,0.04140786749482395,270,105.5,0.47619047619047616,107.5,1.0,0.5652173913043478
136,112,BKN,2019-11-10,138,PHX,1,0.034782608695652195,272,114.25,0.43478260869565216,117.25,1.0,0.6
137,113,ATL,2019-11-10,124,POR,1,0.04481792717086841,274,108.5,0.23529411764705882,117.5,1.0,0.8095238095238095
138,113,TOR,2019-11-10,104,LAL,0,0.048484848484848575,276,100.0,0.18181818181818182,110.5,1.0,0.8666666666666667
139,120,MIN,2019-11-11,114,DET,0,0.04127966976264186,278,109.75,0.39215686274509803,113.75,1.0,0.6491228070175439
140,106,DAL,2019-11-11,116,BOS,1,0.03628117913832196,280,108.5,0.4444444444444444,111.5,1.0,0.5918367346938775
141,113,MEM,2019-11-11,109,SAS,0,0.048484848484848575,282,106.75,0.18181818181818182,117.25,1.0,0.8666666666666667
142,122,HOU,2019-11-11,116,NOP,0,0.04444444444444451,284,125.0,0.7777777777777778,117.5,0.0,0.26666666666666666
143,122,UTA,2019-11-11,108,GSW,0,0.050000000000000044,286,109.75,0.8,101.75,0.0,0.25
144,88,TOR,2019-11-11,98,LAC,1,0.04385964912280693,288,105.75,0.21052631578947367,115.75,1.0,0.8333333333333334
145,97,CLE,2019-11-12,98,PHI,1,0.04235294117647048,290,104.75,0.16,115.75,1.0,0.8823529411764706
146,85,OKC,2019-11-12,111,IND,1,0.045454545454545414,292,105.5,0.5,107.0,1.0,0.5454545454545454
147,108,DET,2019-11-12,117,MIA,1,0.050000000000000044,294,103.25,0.25,111.75,1.0,0.8
148,102,NYK,2019-11-12,120,CHI,1,0.04102564102564088,296,102.75,0.3076923076923077,109.25,1.0,0.7333333333333333
149,123,LAL,2019-11-12,115,PHX,0,0.03586464992983007,298,112.25,0.6226415094339622,108.75,0.0,0.4132231404958678
150,125,ATL,2019-11-12,121,DEN,0,0.048484848484848575,300,99.5,0.18181818181818182,110.0,1.0,0.8666666666666667
151,114,BKN,2019-11-12,119,UTA,1,0.044117647058823595,302,106.5,0.29411764705882354,113.5,1.0,0.75
152,99,POR,2019-11-12,107,SAC,1,0.04336043360433606,304,112.0,0.5555555555555556,110.5,0.0,0.4878048780487805
153,97,PHI,2019-11-13,112,ORL,1,0.04140786749482395,306,102.75,0.47619047619047616,104.75,1.0,0.5652173913043478
154,119,MEM,2019-11-13,117,CHA,0,0.037878787878787845,308,109.25,0.45454545454545453,111.75,1.0,0.5833333333333334
155,93,LAC,2019-11-13,102,HOU,1,0.03958436417615041,310,115.75,0.46511627906976744,117.75,1.0,0.574468085106383
156,133,WAS,2019-11-13,140,BOS,1,0.04181184668989557,312,111.5,0.2857142857142857,118.5,1.0,0.7560975609756098
157,114,SAS,2019-11-13,129,MIN,1,0.045454545454545414,314,113.5,0.5,115.0,1.0,0.5454545454545454
158,114,TOR,2019-11-13,106,POR,0,0.03205128205128216,316,107.5,0.4166666666666667,111.0,1.0,0.6153846153846154
159,94,GSW,2019-11-13,120,LAL,1,0.04040404040404044,318,105.0,0.2222222222222222,114.0,1.0,0.8181818181818182
160,108,MIA,2019-11-14,97,CLE,0,0.03703703703703698,320,109.75,0.6666666666666666,105.25,0.0,0.37037037037037035
161,115,CHI,2019-11-14,124,MIL,1,0.04273504273504258,322,108.5,0.15384615384615385,120.0,1.0,0.8888888888888888
162,103,DAL,2019-11-14,106,NYK,1,0.0429975429975431,324,111.25,0.7727272727272727,103.25,0.0,0.2702702702702703
163,127,LAC,2019-11-14,132,NOP,1,0.039787798408488007,326,118.5,0.6551724137931034,114.5,0.0,0.38461538461538464
164,112,ATL,2019-11-14,128,PHX,1,0.0429975429975431,328,110.75,0.2702702702702703,118.75,1.0,0.7727272727272727
165,93,BKN,2019-11-14,101,DEN,1,0.04444444444444451,330,107.5,0.26666666666666666,115.0,1.0,0.7777777777777778
166,106,DET,2019-11-15,109,CHA,1,0.04285714285714293,332,112.25,0.6428571428571429,108.25,0.0,0.4
167,109,SAS,2019-11-15,111,ORL,1,0.03628117913832196,334,104.25,0.4444444444444444,106.75,1.0,0.5918367346938775
168,137,WAS,2019-11-15,116,MIN,0,0.04761904761904767,336,116.75,0.3333333333333333,122.75,1.0,0.7142857142857143
169,102,IND,2019-11-15,111,HOU,1,0.04480286738351258,338,110.25,0.3225806451612903,116.25,1.0,0.7222222222222222
170,119,PHI,2019-11-15,127,OKC,1,0.03205128205128216,340,109.0,0.6153846153846154,105.5,0.0,0.4166666666666667
171,106,UTA,2019-11-15,107,MEM,1,0.04444444444444451,342,111.5,0.7777777777777778,103.5,0.0,0.26666666666666666
172,105,BOS,2019-11-15,100,GSW,0,0.04181184668989557,344,115.0,0.7560975609756098,108.0,0.0,0.2857142857142857
173,97,SAC,2019-11-15,99,LAL,1,0.04761904761904745,346,101.75,0.19047619047619047,112.25,1.0,0.8571428571428571
174,117,BKN,2019-11-16,111,CHI,0,0.04285714285714293,348,110.5,0.4,114.5,1.0,0.6428571428571429
175,102,MIL,2019-11-16,83,IND,0,0.04521963824289399,350,113.75,0.7674418604651163,106.25,0.0,0.2777777777777778
176,103,CHA,2019-11-16,102,NYK,0,0.04285714285714293,352,104.5,0.4,108.5,1.0,0.6428571428571429
177,125,HOU,2019-11-16,105,MIN,0,0.03958436417615041,354,114.75,0.46511627906976744,116.75,1.0,0.574468085106383
178,94,NOP,2019-11-16,109,MIA,1,0.04521963824289399,356,109.25,0.2777777777777778,117.25,1.0,0.7674418604651163
179,102,TOR,2019-11-16,110,DAL,1,0.04127966976264186,358,106.75,0.39215686274509803,111.25,1.0,0.6491228070175439
180,121,POR,2019-11-16,116,SAS,0,0.04140786749482395,360,112.25,0.47619047619047616,113.75,1.0,0.5652173913043478
181,101,ATL,2019-11-16,150,LAC,1,0.04385964912280693,362,107.5,0.21052631578947367,116.5,1.0,0.8333333333333334
182,114,PHI,2019-11-17,95,CLE,0,0.04181184668989557,364,111.75,0.7560975609756098,104.25,0.0,0.2857142857142857
183,99,BOS,2019-11-17,100,SAC,1,0.03628117913832196,366,108.75,0.5918367346938775,106.25,0.0,0.4444444444444444
184,131,DEN,2019-11-17,114,MEM,0,0.04102564102564088,368,110.75,0.7333333333333333,104.25,0.0,0.3076923076923077
185,121,WAS,2019-11-17,125,ORL,1,0.05070993914807298,370,110.25,0.3448275862068966,115.75,1.0,0.7058823529411765
186,100,GSW,2019-11-17,108,NOP,1,0.03205128205128216,372,111.5,0.4166666666666667,115.0,1.0,0.6153846153846154
187,101,ATL,2019-11-17,122,LAL,1,0.04117647058823537,374,103.0,0.1,117.5,1.0,0.9411764705882353
188,105,CLE,2019-11-18,123,NYK,1,0.05070993914807298,376,102.25,0.3448275862068966,107.75,1.0,0.7058823529411765
189,115,IND,2019-11-18,86,BKN,0,0.037878787878787845,378,105.75,0.45454545454545453,108.25,1.0,0.5833333333333334
190,96,CHA,2019-11-18,132,TOR,1,0.050000000000000044,380,103.0,0.25,111.5,1.0,0.8
191,115,MIL,2019-11-18,101,CHI,0,0.050000000000000044,382,119.75,0.8,111.25,0.0,0.25
192,108,POR,2019-11-18,132,HOU,1,0.04181184668989557,384,112.0,0.2857142857142857,119.0,1.0,0.7560975609756098
193,110,SAS,2019-11-18,117,DAL,1,0.03703703703703698,386,109.5,0.37037037037037035,114.5,1.0,0.6666666666666666
194,112,MIN,2019-11-18,102,UTA,0,0.04385964912280693,388,105.0,0.21052631578947367,114.5,1.0,0.8333333333333334
195,99,BOS,2019-11-18,85,PHX,0,0.03958436417615041,390,111.75,0.46511627906976744,114.25,1.0,0.574468085106383
196,88,OKC,2019-11-18,90,LAC,1,0.050000000000000044,392,107.0,0.25,114.5,1.0,0.8
197,104,POR,2019-11-19,115,NOP,1,0.03205128205128216,394,114.0,0.4166666666666667,117.5,1.0,0.6153846153846154
198,114,GSW,2019-11-19,95,MEM,0,0.04480286738351258,396,107.75,0.3225806451612903,113.75,1.0,0.7222222222222222
199,116,PHX,2019-11-19,120,SAC,1,0.03337505214851899,398,108.0,0.425531914893617,111.0,1.0,0.6078431372549019
200,107,OKC,2019-11-19,112,LAL,1,0.04166666666666674,400,99.25,0.16666666666666666,110.25,1.0,0.875
201,104,NYK,2019-11-20,109,PHI,1,0.04285714285714293,402,99.0,0.14285714285714285,111.5,1.0,0.9
202,132,SAS,2019-11-20,138,WAS,1,0.04140786749482395,404,119.75,0.5652173913043478,117.75,0.0,0.47619047619047616
203,100,CLE,2019-11-20,124,MIA,1,0.04385964912280693,406,102.0,0.21052631578947367,111.5,1.0,0.8333333333333334
204,135,MIL,2019-11-20,127,ATL,0,0.04166666666666674,408,121.5,0.875,110.5,0.0,0.16666666666666666
205,94,GSW,2019-11-20,142,DAL,1,0.04117647058823537,410,100.5,0.1,115.5,1.0,0.9411764705882353
206,91,CHA,2019-11-20,101,BKN,1,0.039787798408488007,412,107.25,0.38461538461538464,111.75,1.0,0.6551724137931034
207,97,ORL,2019-11-20,113,TOR,1,0.034782608695652195,414,102.0,0.43478260869565216,105.0,1.0,0.6
208,89,DET,2019-11-20,109,CHI,1,0.04707884288145214,416,111.75,0.5348837209302325,110.75,0.0,0.5121951219512195
209,103,UTA,2019-11-20,95,MIN,0,0.034782608695652195,418,112.5,0.6,109.5,0.0,0.43478260869565216
210,95,HOU,2019-11-20,105,DEN,1,0.04336043360433606,420,110.0,0.4878048780487805,111.5,1.0,0.5555555555555556
211,104,BOS,2019-11-20,107,LAC,1,0.044117647058823595,422,105.0,0.29411764705882354,112.0,1.0,0.75
212,129,POR,2019-11-21,137,MIL,1,0.040723981900452566,424,107.25,0.11764705882352941,121.25,1.0,0.9230769230769231
213,124,NOP,2019-11-21,121,PHX,0,0.03337505214851899,426,115.5,0.425531914893617,118.5,1.0,0.6078431372549019
214,103,ATL,2019-11-22,128,DET,1,0.04348771472059143,428,110.25,0.31746031746031744,116.25,1.0,0.726027397260274
215,118,CHA,2019-11-22,125,WAS,1,0.04761904761904767,430,114.25,0.3333333333333333,120.25,1.0,0.7142857142857143
216,97,SAC,2019-11-22,116,BKN,1,0.03958436417615041,432,106.0,0.46511627906976744,108.0,1.0,0.574468085106383
217,104,SAS,2019-11-22,115,PHI,1,0.044117647058823595,434,107.0,0.29411764705882354,114.0,1.0,0.75
218,116,MIA,2019-11-22,108,CHI,0,0.039787798408488007,436,110.75,0.6551724137931034,106.25,0.0,0.38461538461538464
219,130,LAL,2019-11-22,127,OKC,0,0.03703703703703698,438,107.0,0.6666666666666666,102.5,0.0,0.37037037037037035
220,101,CLE,2019-11-22,143,DAL,1,0.048484848484848575,440,105.75,0.18181818181818182,115.75,1.0,0.8666666666666667
221,92,BOS,2019-11-22,96,DEN,1,0.04105571847507328,442,100.75,0.36363636363636365,105.75,1.0,0.6774193548387096
222,109,GSW,2019-11-22,113,UTA,1,0.04365079365079372,444,96.25,0.07142857142857142,112.25,1.0,0.9722222222222222
223,119,HOU,2019-11-22,122,LAC,1,0.04105571847507328,446,110.5,0.36363636363636365,116.0,1.0,0.6774193548387096
224,100,PHX,2019-11-23,98,MIN,0,0.03703703703703698,448,115.0,0.37037037037037035,119.5,1.0,0.6666666666666666
225,116,CHI,2019-11-23,115,CHA,0,0.04140786749482395,450,110.75,0.5652173913043478,108.75,0.0,0.47619047619047616
226,106,ORL,2019-11-23,111,IND,1,0.04102564102564088,452,97.5,0.3076923076923077,104.0,1.0,0.7333333333333333
227,86,MIA,2019-11-23,113,PHI,1,0.04761904761904767,454,103.0,0.3333333333333333,108.5,1.0,0.7142857142857143
228,111,SAS,2019-11-23,104,NYK,0,0.03337505214851899,456,110.0,0.6078431372549019,107.0,0.0,0.425531914893617
229,119,TOR,2019-11-23,116,ATL,0,0.04521963824289399,458,115.5,0.7674418604651163,108.0,0.0,0.2777777777777778
230,109,LAL,2019-11-23,108,MEM,0,0.04576659038901609,460,116.75,0.782608695652174,108.75,0.0,0.2631578947368421
231,104,POR,2019-11-23,110,CLE,1,0.04102564102564088,462,116.25,0.7333333333333333,109.75,0.0,0.3076923076923077
232,90,DET,2019-11-23,104,MIL,1,0.040723981900452566,464,106.25,0.11764705882352941,119.25,1.0,0.9230769230769231
233,120,NOP,2019-11-23,128,UTA,1,0.05070993914807298,466,110.25,0.3448275862068966,115.75,1.0,0.7058823529411765
234,137,DAL,2019-11-24,123,HOU,0,0.05070993914807298,468,112.25,0.3448275862068966,117.75,1.0,0.7058823529411765
235,113,SAC,2019-11-24,106,WAS,0,0.03958436417615041,470,115.25,0.46511627906976744,117.75,1.0,0.574468085106383
236,103,BKN,2019-11-24,101,NYK,0,0.03958436417615041,472,108.75,0.574468085106383,106.25,0.0,0.46511627906976744
237,104,PHX,2019-11-24,116,DEN,1,0.04166666666666674,474,101.5,0.16666666666666666,112.5,1.0,0.875
238,109,NOP,2019-11-24,134,LAC,1,0.040723981900452566,476,110.0,0.11764705882352941,123.0,1.0,0.9230769230769231
239,88,ORL,2019-11-25,103,DET,1,0.039787798408488007,478,101.5,0.38461538461538464,106.0,1.0,0.6551724137931034
240,114,MEM,2019-11-25,126,IND,1,0.04385964912280693,480,103.75,0.21052631578947367,113.25,1.0,0.8333333333333334
241,108,BKN,2019-11-25,106,CLE,0,0.045454545454545414,482,108.75,0.5,109.75,1.0,0.5454545454545454
242,96,PHI,2019-11-25,101,TOR,1,0.04336043360433606,484,106.75,0.5555555555555556,105.25,0.0,0.4878048780487805
243,102,SAC,2019-11-25,103,BOS,1,0.04209720627631075,486,99.75,0.29850746268656714,105.75,1.0,0.7435897435897436
244,100,CHA,2019-11-25,117,MIA,1,0.04166666666666674,488,101.0,0.16666666666666666,111.5,1.0,0.875
245,125,MIN,2019-11-25,113,ATL,0,0.039787798408488007,490,120.5,0.6551724137931034,116.0,0.0,0.38461538461538464
246,118,UTA,2019-11-25,122,MIL,1,0.04481792717086841,492,109.0,0.23529411764705882,117.5,1.0,0.8095238095238095
247,117,POR,2019-11-25,94,CHI,0,0.045454545454545414,494,113.25,0.5454545454545454,112.25,0.0,0.5
248,114,LAL,2019-11-25,104,SAS,0,0.03703703703703698,496,113.5,0.6666666666666666,109.0,0.0,0.37037037037037035
249,100,OKC,2019-11-25,97,GSW,0,0.04521963824289399,498,110.25,0.7674418604651163,102.75,0.0,0.2777777777777778
250,114,LAC,2019-11-26,99,DAL,0,0.04336043360433606,500,114.0,0.5555555555555556,112.5,0.0,0.4878048780487805
251,104,WAS,2019-11-26,117,DEN,1,0.048484848484848575,502,108.5,0.18181818181818182,119.0,1.0,0.8666666666666667
252,102,UTA,2019-11-27,121,IND,1,0.04761904761904767,504,103.75,0.5238095238095238,103.75,0.5,0.5238095238095238
253,110,BKN,2019-11-27,121,BOS,1,0.050000000000000044,506,102.75,0.25,111.25,1.0,0.8
254,91,SAC,2019-11-27,97,PHI,1,0.04385964912280693,508,101.0,0.21052631578947367,110.0,1.0,0.8333333333333334
255,116,ORL,2019-11-27,104,CLE,0,0.04761904761904767,510,104.75,0.5238095238095238,104.75,0.5,0.5238095238095238
256,101,DET,2019-11-27,102,CHA,1,0.04285714285714293,512,109.5,0.6428571428571429,106.0,0.0,0.4
257,98,NYK,2019-11-27,126,TOR,1,0.04761904761904745,514,100.75,0.19047619047619047,110.25,1.0,0.8571428571428571
258,102,ATL,2019-11-27,111,MIL,1,0.04117647058823537,516,112.5,0.1,127.0,1.0,0.9411764705882353
259,121,LAC,2019-11-27,119,MEM,0,0.04102564102564088,518,116.5,0.7333333333333333,110.0,0.0,0.3076923076923077
260,108,MIA,2019-11-27,117,HOU,1,0.04181184668989557,520,110.0,0.2857142857142857,117.0,1.0,0.7560975609756098
261,113,MIN,2019-11-27,101,SAS,0,0.034782608695652195,522,113.5,0.43478260869565216,116.5,1.0,0.6
262,140,WAS,2019-11-27,132,PHX,0,0.04209720627631075,524,117.0,0.29850746268656714,123.5,1.0,0.7435897435897436
263,114,LAL,2019-11-27,110,NOP,0,0.04521963824289399,526,119.0,0.7674418604651163,112.5,0.0,0.2777777777777778
264,119,OKC,2019-11-27,136,POR,1,0.03628117913832196,528,108.5,0.4444444444444444,111.0,1.0,0.5918367346938775
265,90,CHI,2019-11-27,104,GSW,1,0.04140786749482395,530,108.5,0.5652173913043478,106.5,0.0,0.47619047619047616
266,107,BOS,2019-11-29,112,BKN,1,0.04285714285714293,532,108.75,0.6428571428571429,104.75,0.0,0.4
267,110,CHA,2019-11-29,107,DET,0,0.04521963824289399,534,102.5,0.2777777777777778,110.5,1.0,0.7674418604651163
268,90,TOR,2019-11-29,83,ORL,0,0.034782608695652195,536,106.0,0.6,103.0,0.0,0.43478260869565216
269,101,PHI,2019-11-29,95,NYK,0,0.03987240829346095,538,107.75,0.7368421052631579,101.25,0.0,0.30303030303030304
270,119,MIL,2019-11-29,110,CLE,0,0.04166666666666674,540,120.25,0.875,109.25,0.0,0.16666666666666666
271,104,ATL,2019-11-29,105,IND,1,0.04166666666666674,542,106.75,0.16666666666666666,117.75,1.0,0.875
272,105,GSW,2019-11-29,122,MIA,1,0.04235294117647048,544,98.75,0.16,110.25,1.0,0.8823529411764706
273,104,NOP,2019-11-29,109,OKC,1,0.03837543971858004,546,112.25,0.37735849056603776,116.75,1.0,0.6610169491525424
274,103,UTA,2019-11-29,94,MEM,0,0.04521963824289399,548,115.25,0.7674418604651163,107.75,0.0,0.2777777777777778
275,97,LAC,2019-11-29,107,SAS,1,0.044642857142857206,550,114.75,0.6875,109.75,0.0,0.35714285714285715
276,120,DAL,2019-11-29,113,PHX,0,0.03958436417615041,552,116.25,0.574468085106383,114.25,0.0,0.46511627906976744
277,103,CHI,2019-11-29,107,POR,1,0.044117647058823595,554,110.0,0.29411764705882354,117.0,1.0,0.75
278,103,WAS,2019-11-29,125,LAL,1,0.04235294117647048,556,112.0,0.16,123.5,1.0,0.8823529411764706
279,97,DEN,2019-11-30,100,SAC,1,0.04127966976264186,558,104.75,0.6491228070175439,100.75,0.0,0.39215686274509803
280,116,IND,2019-11-30,119,PHI,1,0.04480286738351258,560,100.75,0.3225806451612903,106.75,1.0,0.7222222222222222
281,96,CHA,2019-11-30,137,MIL,1,0.042763157894736725,562,105.5,0.10526315789473684,119.5,1.0,0.9375
282,111,ATL,2019-11-30,158,HOU,1,0.042763157894736725,564,112.0,0.10526315789473684,126.0,1.0,0.9375
283,109,MIA,2019-12-01,106,BKN,0,0.04127966976264186,566,109.5,0.6491228070175439,105.5,0.0,0.39215686274509803
284,113,BOS,2019-12-01,104,NYK,0,0.050000000000000044,568,108.0,0.8,100.5,0.0,0.25
285,115,MEM,2019-12-01,107,MIN,0,0.042424242424242475,570,109.5,0.13333333333333333,121.5,1.0,0.9090909090909091
286,114,DAL,2019-12-01,100,LAL,0,0.04102564102564088,572,108.0,0.3076923076923077,114.5,1.0,0.7333333333333333
287,98,SAS,2019-12-01,132,DET,1,0.037878787878787845,574,107.5,0.45454545454545453,110.0,1.0,0.5833333333333334
288,107,OKC,2019-12-01,104,NOP,0,0.037878787878787845,576,112.0,0.45454545454545453,114.5,1.0,0.5833333333333334
289,96,GSW,2019-12-01,100,ORL,1,0.04444444444444451,578,98.5,0.26666666666666666,106.0,1.0,0.7777777777777778
290,110,UTA,2019-12-01,130,TOR,1,0.04140786749482395,580,103.0,0.47619047619047616,105.0,1.0,0.5652173913043478
291,125,WAS,2019-12-01,150,LAC,1,0.042424242424242475,582,114.0,0.13333333333333333,126.0,1.0,0.9090909090909091
292,94,UTA,2019-12-02,103,PHI,1,0.044642857142857206,584,101.75,0.35714285714285715,106.75,1.0,0.6875
293,109,PHX,2019-12-02,104,CHA,0,0.03779289493575222,586,112.75,0.6296296296296297,108.75,0.0,0.40816326530612246
294,79,GSW,2019-12-02,104,ATL,1,0.04480286738351258,588,108.0,0.3225806451612903,114.5,1.0,0.7222222222222222
295,117,IND,2019-12-02,104,MEM,0,0.04040404040404044,590,112.75,0.8181818181818182,103.75,0.0,0.2222222222222222
296,88,NYK,2019-12-02,132,MIL,1,0.04466501240694787,592,102.75,0.07692307692307693,119.75,1.0,0.967741935483871
297,113,CHI,2019-12-02,106,SAC,0,0.044642857142857206,594,103.5,0.35714285714285715,108.5,1.0,0.6875
298,127,DET,2019-12-03,94,CLE,0,0.03586464992983007,596,110.0,0.6226415094339622,106.5,0.0,0.4132231404958678
299,127,ORL,2019-12-03,120,WAS,0,0.04761904761904767,598,114.75,0.5238095238095238,114.75,0.5,0.5238095238095238
300,118,DAL,2019-12-03,97,NOP,0,0.03703703703703698,600,118.75,0.6666666666666666,114.25,0.0,0.37037037037037035
301,121,MIA,2019-12-03,110,TOR,0,0.05070993914807298,602,103.25,0.3448275862068966,108.75,1.0,0.7058823529411765
302,133,HOU,2019-12-03,135,SAS,1,0.04521963824289399,604,120.5,0.7674418604651163,113.5,0.0,0.2777777777777778
303,105,LAL,2019-12-03,96,DEN,0,0.03958436417615041,606,102.5,0.46511627906976744,105.0,1.0,0.574468085106383
304,97,POR,2019-12-03,117,LAC,1,0.04040404040404044,608,112.0,0.2222222222222222,121.0,1.0,0.8181818181818182
305,127,MIL,2019-12-04,103,DET,0,0.04385964912280693,610,116.0,0.8333333333333334,107.0,0.0,0.21052631578947367
306,114,PHX,2019-12-04,128,ORL,1,0.04336043360433606,612,107.5,0.5555555555555556,106.0,0.0,0.4878048780487805
307,91,GSW,2019-12-04,106,CHA,1,0.037878787878787845,614,105.25,0.45454545454545453,107.75,1.0,0.5833333333333334
308,130,BKN,2019-12-04,118,ATL,0,0.034782608695652195,616,115.5,0.6,112.5,0.0,0.43478260869565216
309,93,MIA,2019-12-04,112,BOS,1,0.04784688995215314,618,101.75,0.3508771929824561,107.25,1.0,0.696969696969697
310,99,MEM,2019-12-04,106,CHI,1,0.044117647058823595,620,108.25,0.29411764705882354,114.75,1.0,0.75
311,107,IND,2019-12-04,100,OKC,0,0.04336043360433606,622,105.0,0.5555555555555556,104.0,0.0,0.4878048780487805
312,114,MIN,2019-12-04,121,DAL,1,0.05070993914807298,624,111.75,0.3448275862068966,117.25,1.0,0.7058823529411765
313,121,LAL,2019-12-04,96,UTA,0,0.04336043360433606,626,105.25,0.4878048780487805,107.25,1.0,0.5555555555555556
314,116,SAC,2019-12-04,127,POR,1,0.044642857142857206,628,105.75,0.35714285714285715,110.75,1.0,0.6875
315,113,PHI,2019-12-05,119,WAS,1,0.048076923076922906,630,120.5,0.7916666666666666,112.5,0.0,0.2564102564102564
316,119,HOU,2019-12-05,109,TOR,0,0.04140786749482395,632,114.25,0.47619047619047616,116.25,1.0,0.5652173913043478
317,129,DEN,2019-12-05,92,NYK,0,0.04578754578754585,634,107.0,0.8076923076923077,98.0,0.0,0.23809523809523808
318,139,PHX,2019-12-05,132,NOP,0,0.04127966976264186,636,115.5,0.39215686274509803,119.5,1.0,0.6491228070175439
319,101,IND,2019-12-06,108,DET,1,0.04336043360433606,638,106.75,0.5555555555555556,105.25,0.0,0.4878048780487805
320,93,ORL,2019-12-06,87,CLE,0,0.039787798408488007,640,107.25,0.6551724137931034,102.75,0.0,0.38461538461538464
321,111,BKN,2019-12-06,104,CHA,0,0.034782608695652195,642,111.0,0.6,108.0,0.0,0.43478260869565216
322,127,MIN,2019-12-06,139,OKC,1,0.03779289493575222,644,107.25,0.40816326530612246,110.75,1.0,0.6296296296296297
323,103,WAS,2019-12-06,112,MIA,1,0.04615384615384621,646,109.75,0.2,119.25,1.0,0.8461538461538461
324,100,GSW,2019-12-06,98,CHI,0,0.039787798408488007,648,105.25,0.38461538461538464,109.75,1.0,0.6551724137931034
325,95,DEN,2019-12-06,108,BOS,1,0.03205128205128216,650,101.25,0.4166666666666667,104.25,1.0,0.6153846153846154
326,91,LAC,2019-12-06,119,MIL,1,0.039787798408488007,652,114.5,0.38461538461538464,119.0,1.0,0.6551724137931034
327,104,SAC,2019-12-06,105,SAS,1,0.04127966976264186,654,105.25,0.39215686274509803,109.25,1.0,0.6491228070175439
328,136,LAL,2019-12-06,113,POR,0,0.03703703703703698,656,115.0,0.6666666666666666,110.0,0.0,0.37037037037037035
329,84,NOP,2019-12-07,130,DAL,1,0.04040404040404044,658,111.5,0.2222222222222222,120.5,1.0,0.8181818181818182
330,94,CLE,2019-12-07,141,PHI,1,0.04166666666666674,660,102.0,0.16666666666666666,113.0,1.0,0.875
331,104,IND,2019-12-07,103,NYK,0,0.044642857142857206,662,106.75,0.6875,101.25,0.0,0.35714285714285715
332,109,PHX,2019-12-07,115,HOU,1,0.04235294117647048,664,114.75,0.16,125.75,1.0,0.8823529411764706
333,112,MEM,2019-12-07,126,UTA,1,0.04273504273504258,666,103.0,0.15384615384615385,114.5,1.0,0.8888888888888888
334,102,DEN,2019-12-08,105,BKN,1,0.04127966976264186,668,108.5,0.6491228070175439,104.0,0.0,0.39215686274509803
335,122,ATL,2019-12-08,107,CHA,0,0.04336043360433606,670,110.75,0.4878048780487805,112.25,1.0,0.5555555555555556
336,104,TOR,2019-12-08,110,PHI,1,0.034782608695652195,672,105.5,0.43478260869565216,108.5,1.0,0.6
337,105,CHI,2019-12-08,110,MIA,1,0.04181184668989557,674,101.75,0.2857142857142857,108.75,1.0,0.7560975609756098
338,135,LAC,2019-12-08,119,WAS,0,0.04040404040404044,676,122.5,0.8181818181818182,113.5,0.0,0.2222222222222222
339,110,SAC,2019-12-08,106,DAL,0,0.043878894251864864,678,103.5,0.23255813953488372,112.5,1.0,0.8113207547169812
340,108,OKC,2019-12-08,96,POR,0,0.04285714285714293,680,109.5,0.4,113.5,1.0,0.6428571428571429
341,125,MIN,2019-12-08,142,LAL,1,0.048484848484848575,682,108.75,0.18181818181818182,118.75,1.0,0.8666666666666667
342,110,LAC,2019-12-09,99,IND,0,0.034782608695652195,684,106.75,0.43478260869565216,109.75,1.0,0.6
343,88,CLE,2019-12-09,110,BOS,1,0.04444444444444451,686,101.25,0.1111111111111111,114.75,1.0,0.9333333333333333
344,93,TOR,2019-12-09,92,CHI,0,0.042229729729729826,688,110.0,0.7297297297297297,103.5,0.0,0.3125
345,105,DET,2019-12-09,103,NOP,0,0.04761904761904767,690,113.75,0.5238095238095238,113.75,0.5,0.5238095238095238
346,119,SAC,2019-12-09,118,HOU,0,0.04285714285714293,692,106.75,0.14285714285714285,118.75,1.0,0.9
347,101,ORL,2019-12-09,110,MIL,1,0.042424242424242475,694,102.25,0.13333333333333333,115.25,1.0,0.9090909090909091
348,109,MIN,2019-12-09,125,PHX,1,0.03205128205128216,696,114.75,0.4166666666666667,118.25,1.0,0.6153846153846154
349,104,OKC,2019-12-09,90,UTA,0,0.04578754578754585,698,98.75,0.23809523809523808,107.75,1.0,0.8076923076923077
350,110,MEM,2019-12-09,102,GSW,0,0.03205128205128216,700,108.25,0.4166666666666667,111.75,1.0,0.6153846153846154
351,92,DEN,2019-12-10,97,PHI,1,0.044642857142857206,702,101.25,0.35714285714285715,106.75,1.0,0.6875
352,107,WAS,2019-12-10,114,CHA,1,0.04140786749482395,704,115.5,0.5652173913043478,113.5,0.0,0.47619047619047616
353,121,ATL,2019-12-10,135,MIA,1,0.04481792717086841,706,105.25,0.23529411764705882,113.75,1.0,0.8095238095238095
354,87,NYK,2019-12-10,115,POR,1,0.04385964912280693,708,107.0,0.21052631578947367,116.5,1.0,0.8333333333333334
355,117,BOS,2019-12-11,122,IND,1,0.045454545454545414,710,105.0,0.5,106.0,1.0,0.5454545454545454
356,112,LAC,2019-12-11,92,TOR,0,0.034782608695652195,712,112.5,0.6,110.0,0.0,0.43478260869565216
357,96,LAL,2019-12-11,87,ORL,0,0.043878894251864864,714,109.5,0.8113207547169812,101.0,0.0,0.23255813953488372
358,116,HOU,2019-12-11,110,CLE,0,0.04273504273504258,716,120.75,0.8888888888888888,109.25,0.0,0.15384615384615385
359,113,CHA,2019-12-11,108,BKN,0,0.04615384615384621,718,103.5,0.2,113.5,1.0,0.8461538461538461
360,127,UTA,2019-12-11,116,MIN,0,0.04707884288145214,720,109.75,0.5121951219512195,110.75,1.0,0.5348837209302325
361,102,ATL,2019-12-11,136,CHI,1,0.04102564102564088,722,107.5,0.3076923076923077,114.0,1.0,0.7333333333333333
362,115,MEM,2019-12-11,108,PHX,0,0.044117647058823595,724,111.75,0.29411764705882354,118.75,1.0,0.75
363,112,NOP,2019-12-11,127,MIL,1,0.04040404040404044,726,111.5,0.2222222222222222,121.0,1.0,0.8181818181818182
364,93,OKC,2019-12-11,94,SAC,1,0.04336043360433606,728,103.0,0.4878048780487805,104.5,1.0,0.5555555555555556
365,124,NYK,2019-12-11,122,GSW,0,0.04105571847507328,730,103.0,0.36363636363636365,108.0,1.0,0.6774193548387096
366,115,PHI,2019-12-12,109,BOS,0,0.04707884288145214,732,105.75,0.5121951219512195,106.75,1.0,0.5348837209302325
367,117,CLE,2019-12-12,109,SAS,0,0.04285714285714293,734,103.5,0.14285714285714285,115.0,1.0,0.9
368,122,DAL,2019-12-12,111,DET,0,0.04181184668989557,736,112.0,0.7560975609756098,105.5,0.0,0.2857142857142857
369,99,POR,2019-12-12,114,DEN,1,0.04521963824289399,738,104.5,0.2777777777777778,112.0,1.0,0.7674418604651163
370,130,HOU,2019-12-13,107,ORL,0,0.04102564102564088,740,113.5,0.7333333333333333,107.0,0.0,0.3076923076923077
371,109,NOP,2019-12-13,116,PHI,1,0.04181184668989557,742,107.5,0.2857142857142857,114.5,1.0,0.7560975609756098
372,110,IND,2019-12-13,100,ATL,0,0.04348771472059143,744,115.25,0.726027397260274,109.25,0.0,0.31746031746031744
373,127,MIL,2019-12-13,114,MEM,0,0.04166666666666652,746,120.75,0.9166666666666666,108.25,0.0,0.125
374,113,LAL,2019-12-13,110,MIA,0,0.05070993914807298,748,108.5,0.7058823529411765,103.0,0.0,0.3448275862068966
375,124,LAC,2019-12-13,117,MIN,0,0.03703703703703698,750,116.25,0.6666666666666666,111.75,0.0,0.37037037037037035
376,83,CHA,2019-12-13,73,CHI,0,0.03987240829346095,752,103.25,0.30303030303030304,110.25,1.0,0.7368421052631579
377,103,NYK,2019-12-13,101,SAC,0,0.043878894251864864,754,100.75,0.23255813953488372,109.75,1.0,0.8113207547169812
378,106,GSW,2019-12-13,114,UTA,1,0.04444444444444451,756,98.5,0.1111111111111111,112.5,1.0,0.9333333333333333
379,121,SAS,2019-12-14,119,PHX,0,0.04336043360433606,758,111.25,0.5555555555555556,109.25,0.0,0.4878048780487805
380,102,BKN,2019-12-14,110,TOR,1,0.043594902749832354,760,105.75,0.28169014084507044,112.75,1.0,0.7619047619047619
381,106,LAC,2019-12-14,109,CHI,1,0.03337505214851899,762,108.5,0.6078431372549019,105.5,0.0,0.425531914893617
382,111,WAS,2019-12-14,128,MEM,1,0.04336043360433606,764,117.5,0.4878048780487805,119.0,1.0,0.5555555555555556
383,122,MIA,2019-12-14,118,DAL,0,0.04481792717086841,766,104.0,0.23529411764705882,112.5,1.0,0.8095238095238095
384,108,CLE,2019-12-14,125,MIL,1,0.042763157894736725,768,104.5,0.10526315789473684,118.5,1.0,0.9375
385,115,DET,2019-12-14,107,HOU,0,0.04521963824289399,770,109.0,0.2777777777777778,116.5,1.0,0.7674418604651163
386,102,OKC,2019-12-14,110,DEN,1,0.04480286738351258,772,99.25,0.3225806451612903,105.25,1.0,0.7222222222222222
387,130,ORL,2019-12-15,119,NOP,0,0.04761904761904767,774,108.25,0.5238095238095238,108.25,0.5,0.5238095238095238
388,85,CHA,2019-12-15,107,IND,1,0.04273504273504258,776,99.25,0.15384615384615385,110.75,1.0,0.8888888888888888
389,89,PHI,2019-12-15,109,BKN,1,0.03779289493575222,778,111.75,0.6296296296296297,108.25,0.0,0.40816326530612246
390,101,LAL,2019-12-15,96,ATL,0,0.04288499025341119,780,120.5,0.8947368421052632,108.5,0.0,0.14814814814814814
391,105,NYK,2019-12-15,111,DEN,1,0.04166666666666674,782,99.0,0.16666666666666666,109.5,1.0,0.875
392,100,SAC,2019-12-15,79,GSW,0,0.03703703703703698,784,107.0,0.6666666666666666,102.5,0.0,0.37037037037037035
393,133,WAS,2019-12-16,119,DET,0,0.037878787878787845,786,114.75,0.45454545454545453,117.25,1.0,0.5833333333333334
394,113,CLE,2019-12-16,133,TOR,1,0.040723981900452566,788,101.75,0.11764705882352941,114.75,1.0,0.9230769230769231
395,106,CHI,2019-12-16,109,OKC,1,0.05070993914807298,790,101.5,0.3448275862068966,107.0,1.0,0.7058823529411765
396,111,MIA,2019-12-16,118,MEM,1,0.03628117913832196,792,109.75,0.5918367346938775,107.25,0.0,0.4444444444444444
397,107,SAS,2019-12-16,109,HOU,1,0.048484848484848575,794,110.75,0.18181818181818182,121.25,1.0,0.8666666666666667
398,120,DAL,2019-12-16,116,MIL,0,0.04235294117647048,796,108.5,0.16,119.0,1.0,0.8823529411764706
399,111,POR,2019-12-16,110,PHX,0,0.03958436417615041,798,114.75,0.574468085106383,112.25,0.0,0.46511627906976744
400,102,SAC,2019-12-17,110,CHA,1,0.044642857142857206,800,106.5,0.6875,101.5,0.0,0.35714285714285715
401,102,LAL,2019-12-17,105,IND,1,0.045454545454545414,802,107.0,0.5454545454545454,106.0,0.0,0.5
402,120,ATL,2019-12-17,143,NYK,1,0.04140786749482395,804,112.0,0.47619047619047616,114.0,1.0,0.5652173913043478
403,108,BKN,2019-12-17,101,NOP,0,0.03958436417615041,806,114.75,0.574468085106383,112.75,0.0,0.46511627906976744
404,102,ORL,2019-12-17,109,UTA,1,0.03987240829346095,808,100.75,0.30303030303030304,107.25,1.0,0.7368421052631579
405,99,PHX,2019-12-17,120,LAC,1,0.042763157894736725,810,105.0,0.10526315789473684,120.0,1.0,0.9375
406,110,CHI,2019-12-18,109,WAS,0,0.04707884288145214,812,114.5,0.5121951219512195,115.5,1.0,0.5348837209302325
407,112,TOR,2019-12-18,99,DET,0,0.03628117913832196,814,109.75,0.5918367346938775,107.25,0.0,0.4444444444444444
408,98,CHA,2019-12-18,100,CLE,1,0.03628117913832196,816,104.0,0.4444444444444444,107.0,1.0,0.5918367346938775
409,108,MIA,2019-12-18,104,PHI,0,0.048076923076922906,818,100.25,0.2564102564102564,108.25,1.0,0.7916666666666666
410,107,NOP,2019-12-18,99,MIN,0,0.03779289493575222,820,113.0,0.40816326530612246,116.5,1.0,0.6296296296296297
411,122,MEM,2019-12-18,126,OKC,1,0.03987240829346095,822,106.5,0.30303030303030304,113.0,1.0,0.7368421052631579
412,109,BOS,2019-12-18,103,DAL,0,0.04140786749482395,824,108.75,0.5652173913043478,106.75,0.0,0.47619047619047616
413,104,ORL,2019-12-18,113,DEN,1,0.04385964912280693,826,98.0,0.21052631578947367,107.0,1.0,0.8333333333333334
414,112,GSW,2019-12-18,122,POR,1,0.04385964912280693,828,106.25,0.21052631578947367,115.25,1.0,0.8333333333333334
415,111,UTA,2019-12-19,106,ATL,0,0.03987240829346095,830,115.5,0.7368421052631579,109.0,0.0,0.30303030303030304
416,104,LAL,2019-12-19,111,MIL,1,0.03205128205128216,832,111.75,0.4166666666666667,115.25,1.0,0.6153846153846154
417,105,BKN,2019-12-19,118,SAS,1,0.039787798408488007,834,107.75,0.38461538461538464,111.75,1.0,0.6551724137931034
418,122,HOU,2019-12-19,117,LAC,0,0.044642857142857206,836,,0.35714285714285715,,1.0,0.6875
419,105,SAC,2019-12-20,119,IND,1,0.044642857142857206,838,102.25,0.35714285714285715,107.25,1.0,0.6875
420,107,MEM,2019-12-20,114,CLE,1,0.037878787878787845,840,112.5,0.5833333333333334,110.0,0.0,0.45454545454545453
421,118,WAS,2019-12-20,122,TOR,1,0.042229729729729826,842,111.5,0.3125,118.0,1.0,0.7297297297297297
422,93,DET,2019-12-20,114,BOS,1,0.04040404040404044,844,101.0,0.2222222222222222,110.0,1.0,0.8181818181818182
423,114,NYK,2019-12-20,129,MIA,1,0.04615384615384621,846,103.75,0.2,112.75,1.0,0.8461538461538461
424,108,PHX,2019-12-20,126,OKC,1,0.034782608695652195,848,110.75,0.43478260869565216,113.75,1.0,0.6
425,117,DAL,2019-12-20,98,PHI,0,0.04481792717086841,850,101.75,0.23529411764705882,110.25,1.0,0.8095238095238095
426,100,MIN,2019-12-20,109,DEN,1,0.04235294117647048,852,102.25,0.16,113.25,1.0,0.8823529411764706
427,103,ORL,2019-12-20,118,POR,1,0.03779289493575222,854,107.5,0.40816326530612246,111.0,1.0,0.6296296296296297
428,102,NOP,2019-12-20,106,GSW,1,0.04140786749482395,856,111.75,0.5652173913043478,109.75,0.0,0.47619047619047616
429,114,UTA,2019-12-21,107,CHA,0,0.044117647058823595,858,107.5,0.75,100.5,0.0,0.29411764705882354
430,112,ATL,2019-12-21,122,BKN,1,0.0429975429975431,860,112.0,0.2702702702702703,119.5,1.0,0.7727272727272727
431,108,WAS,2019-12-21,125,PHI,1,0.04166666666666652,862,107.25,0.125,119.75,1.0,0.9166666666666666
432,119,CHI,2019-12-21,107,DET,0,0.04336043360433606,864,105.25,0.5555555555555556,103.75,0.0,0.4878048780487805
433,123,MIL,2019-12-21,102,NYK,0,0.040723981900452566,866,120.0,0.9230769230769231,107.0,0.0,0.11764705882352941
434,115,SAC,2019-12-21,119,MEM,1,0.03958436417615041,868,111.75,0.574468085106383,109.75,0.0,0.46511627906976744
435,134,LAC,2019-12-21,109,SAS,0,0.04181184668989557,870,116.5,0.7560975609756098,109.0,0.0,0.2857142857142857
436,139,HOU,2019-12-21,125,PHX,0,0.04481792717086841,872,121.5,0.8095238095238095,113.0,0.0,0.23529411764705882
437,106,MIN,2019-12-21,113,POR,1,0.03987240829346095,874,110.25,0.30303030303030304,117.25,1.0,0.7368421052631579
438,107,DAL,2019-12-22,110,TOR,1,0.04336043360433606,876,108.25,0.4878048780487805,109.75,1.0,0.5555555555555556
439,93,CHA,2019-12-22,119,BOS,1,0.042424242424242475,878,99.0,0.13333333333333333,111.0,1.0,0.9090909090909091
440,89,IND,2019-12-22,117,MIL,1,0.04782400765184125,880,106.0,0.24390243902439024,114.5,1.0,0.803921568627451
441,112,LAC,2019-12-22,118,OKC,1,0.045454545454545414,882,111.25,0.5,112.25,1.0,0.5454545454545454
442,128,DEN,2019-12-22,104,LAL,0,0.037878787878787845,884,102.75,0.45454545454545453,105.25,1.0,0.5833333333333334
443,125,PHI,2019-12-23,109,DET,0,0.04102564102564088,886,110.75,0.7333333333333333,104.25,0.0,0.3076923076923077
444,115,TOR,2019-12-23,120,IND,1,0.04912797838368954,888,102.75,0.3389830508474576,107.75,1.0,0.7101449275362319
445,95,CHI,2019-12-23,103,ORL,1,0.03703703703703698,890,100.25,0.37037037037037035,105.25,1.0,0.6666666666666666
446,121,WAS,2019-12-23,115,NYK,0,0.03779289493575222,892,112.0,0.40816326530612246,115.5,1.0,0.6296296296296297
447,118,ATL,2019-12-23,121,CLE,1,0.04140786749482395,894,115.75,0.5652173913043478,113.75,0.0,0.47619047619047616
448,104,UTA,2019-12-23,107,MIA,1,0.039787798408488007,896,104.5,0.38461538461538464,109.0,1.0,0.6551724137931034
449,145,SAS,2019-12-23,115,MEM,0,0.04707884288145214,898,114.75,0.5348837209302325,113.75,0.0,0.5121951219512195
450,113,DEN,2019-12-23,111,PHX,0,0.037878787878787845,900,110.5,0.5833333333333334,108.0,0.0,0.45454545454545453
451,113,HOU,2019-12-23,104,SAC,0,0.042229729729729826,902,118.0,0.7297297297297297,112.0,0.0,0.3125
452,102,NOP,2019-12-23,94,POR,0,0.04761904761904767,904,111.75,0.3333333333333333,117.75,1.0,0.7142857142857143
453,104,MIN,2019-12-23,113,GSW,1,0.04707884288145214,906,110.5,0.5121951219512195,111.5,1.0,0.5348837209302325
454,118,BOS,2019-12-25,102,TOR,0,0.04127966976264186,908,108.75,0.6491228070175439,104.75,0.0,0.39215686274509803
455,109,MIL,2019-12-25,121,PHI,1,0.034782608695652195,910,112.0,0.6,109.0,0.0,0.43478260869565216
456,104,HOU,2019-12-25,116,GSW,1,0.04273504273504258,912,120.75,0.8888888888888888,109.25,0.0,0.15384615384615385
457,111,LAC,2019-12-25,106,LAL,0,0.037878787878787845,914,110.25,0.45454545454545453,112.75,1.0,0.5833333333333334
458,112,NOP,2019-12-25,100,DEN,0,0.04385964912280693,916,103.5,0.21052631578947367,112.5,1.0,0.8333333333333334
459,102,WAS,2019-12-26,132,DET,1,0.03987240829346095,918,110.75,0.30303030303030304,117.25,1.0,0.7368421052631579
460,110,MEM,2019-12-26,97,OKC,0,0.04348771472059143,920,109.0,0.31746031746031744,115.0,1.0,0.726027397260274
461,94,NYK,2019-12-26,82,BKN,0,0.0429975429975431,922,109.5,0.2702702702702703,116.5,1.0,0.7727272727272727
462,98,SAS,2019-12-26,102,DAL,1,0.04576659038901609,924,109.25,0.2631578947368421,117.25,1.0,0.782608695652174
463,105,MIN,2019-12-26,104,SAC,0,0.044117647058823595,926,106.5,0.29411764705882354,113.5,1.0,0.75
464,115,POR,2019-12-26,121,UTA,1,0.05070993914807298,928,108.25,0.3448275862068966,113.75,1.0,0.7058823529411765
465,117,CLE,2019-12-27,129,BOS,1,0.04444444444444451,930,100.75,0.1111111111111111,114.75,1.0,0.9333333333333333
466,97,PHI,2019-12-27,98,ORL,1,0.04127966976264186,932,107.0,0.6491228070175439,103.0,0.0,0.39215686274509803
467,104,OKC,2019-12-27,102,CHA,0,0.04707884288145214,934,104.5,0.5348837209302325,103.5,0.0,0.5121951219512195
468,112,MIL,2019-12-27,86,ATL,0,0.04444444444444451,936,121.5,0.7777777777777778,114.0,0.0,0.26666666666666666
469,112,IND,2019-12-27,113,MIA,1,0.04105571847507328,938,103.25,0.36363636363636365,108.25,1.0,0.6774193548387096
470,96,PHX,2019-12-27,105,GSW,1,0.03779289493575222,940,114.25,0.6296296296296297,110.75,0.0,0.40816326530612246
471,110,MEM,2019-12-28,119,DEN,1,0.04385964912280693,942,104.75,0.21052631578947367,113.75,1.0,0.8333333333333334
472,98,IND,2019-12-28,120,NOP,1,0.04336043360433606,944,108.25,0.4878048780487805,109.75,1.0,0.5555555555555556
473,113,TOR,2019-12-28,97,BOS,0,0.04521963824289399,946,104.25,0.2777777777777778,111.75,1.0,0.7674418604651163
474,116,PHI,2019-12-28,117,MIA,1,0.045454545454545414,948,105.5,0.5,107.0,1.0,0.5454545454545454
475,107,NYK,2019-12-28,100,WAS,0,0.03205128205128216,950,115.75,0.6153846153846154,112.75,0.0,0.4166666666666667
476,94,CLE,2019-12-28,88,MIN,0,0.03987240829346095,952,105.25,0.30303030303030304,111.75,1.0,0.7368421052631579
477,98,BKN,2019-12-28,108,HOU,1,0.04385964912280693,954,112.75,0.21052631578947367,121.75,1.0,0.8333333333333334
478,81,ATL,2019-12-28,116,CHI,1,0.04761904761904745,956,103.75,0.19047619047619047,113.25,1.0,0.8571428571428571
479,100,ORL,2019-12-28,111,MIL,1,0.042229729729729826,958,105.25,0.3125,111.25,1.0,0.7297297297297297
480,141,DAL,2019-12-28,121,GSW,0,0.04166666666666674,960,114.5,0.875,103.5,0.0,0.16666666666666666
481,109,DET,2019-12-28,136,SAS,1,0.044642857142857206,962,108.75,0.35714285714285715,113.75,1.0,0.6875
482,112,PHX,2019-12-28,110,SAC,0,0.037878787878787845,964,107.25,0.45454545454545453,109.75,1.0,0.5833333333333334
483,128,LAL,2019-12-28,120,POR,0,0.05070993914807298,966,114.0,0.7058823529411765,109.0,0.0,0.3448275862068966
484,120,UTA,2019-12-28,107,LAC,0,0.04576659038901609,968,107.0,0.2631578947368421,114.5,1.0,0.782608695652174
485,98,OKC,2019-12-29,97,TOR,0,0.039787798408488007,970,102.5,0.38461538461538464,107.0,1.0,0.6551724137931034
486,112,HOU,2019-12-29,127,NOP,1,0.044642857142857206,972,109.25,0.35714285714285715,114.25,1.0,0.6875
487,104,CHA,2019-12-29,117,MEM,1,0.03628117913832196,974,108.5,0.4444444444444444,111.0,1.0,0.5918367346938775
488,115,SAC,2019-12-29,120,DEN,1,0.04444444444444451,976,100.25,0.26666666666666666,107.75,1.0,0.7777777777777778
489,95,DAL,2019-12-29,108,LAL,1,0.04105571847507328,978,109.75,0.36363636363636365,114.75,1.0,0.6774193548387096
490,101,ATL,2019-12-30,93,ORL,0,0.04166666666666674,980,99.5,0.16666666666666666,110.0,1.0,0.875
491,105,MIA,2019-12-30,123,WAS,1,0.04235294117647048,982,117.75,0.8823529411764706,106.75,0.0,0.16
492,115,BKN,2019-12-30,122,MIN,1,0.03703703703703698,984,110.5,0.6666666666666666,106.0,0.0,0.37037037037037035
493,123,MIL,2019-12-30,102,CHI,0,0.04040404040404044,986,114.25,0.8181818181818182,105.75,0.0,0.2222222222222222
494,81,DET,2019-12-30,104,UTA,1,0.04385964912280693,988,104.0,0.21052631578947367,113.5,1.0,0.8333333333333334
495,122,PHX,2019-12-30,116,POR,0,0.03779289493575222,990,114.25,0.40816326530612246,118.25,1.0,0.6296296296296297
496,109,BOS,2019-12-31,92,CHA,0,0.050000000000000044,992,109.0,0.8,101.5,0.0,0.25
497,97,PHI,2019-12-31,115,IND,1,0.03337505214851899,994,104.5,0.425531914893617,108.0,1.0,0.6078431372549019
498,105,LAC,2019-12-31,87,SAC,0,0.03987240829346095,996,113.25,0.7368421052631579,106.75,0.0,0.30303030303030304
499,113,GSW,2019-12-31,117,SAS,1,0.04235294117647048,998,103.0,0.16,114.0,1.0,0.8823529411764706
500,97,CLE,2019-12-31,117,TOR,1,0.04040404040404044,1000,104.75,0.2222222222222222,112.75,1.0,0.8181818181818182
501,104,DEN,2019-12-31,130,HOU,1,0.03987240829346095,1002,109.25,0.30303030303030304,115.75,1.0,0.7368421052631579
502,101,DAL,2019-12-31,106,OKC,1,0.03628117913832196,1004,109.75,0.5918367346938775,107.25,0.0,0.4444444444444444
503,122,ORL,2020-01-01,101,WAS,0,0.03779289493575222,1006,113.0,0.6296296296296297,109.5,0.0,0.40816326530612246
504,93,POR,2020-01-01,117,NYK,1,0.04285714285714293,1008,115.0,0.6428571428571429,111.0,0.0,0.4
505,104,MIN,2020-01-01,106,MIL,1,0.04289215686274517,1010,101.5,0.0625,119.5,1.0,0.9803921568627451
506,107,PHX,2020-01-01,117,LAL,1,0.04235294117647048,1012,107.25,0.16,118.25,1.0,0.8823529411764706
507,109,CHA,2020-01-02,106,CLE,0,0.04140786749482395,1014,105.0,0.47619047619047616,107.0,1.0,0.5652173913043478
508,124,DEN,2020-01-02,116,IND,0,0.04707884288145214,1016,104.5,0.5348837209302325,103.5,0.0,0.5121951219512195
509,76,TOR,2020-01-02,84,MIA,1,0.044642857142857206,1018,104.25,0.35714285714285715,109.75,1.0,0.6875
510,84,GSW,2020-01-02,99,MIN,1,0.034782608695652195,1020,104.25,0.43478260869565216,107.25,1.0,0.6
511,102,UTA,2020-01-02,98,CHI,0,0.03779289493575222,1022,105.75,0.6296296296296297,102.25,0.0,0.40816326530612246
512,109,OKC,2020-01-02,103,SAS,0,0.03958436417615041,1024,107.0,0.46511627906976744,109.5,1.0,0.574468085106383
513,111,BKN,2020-01-02,123,DAL,1,0.04576659038901609,1026,107.5,0.2631578947368421,115.5,1.0,0.782608695652174
514,123,MEM,2020-01-02,128,SAC,1,0.03703703703703698,1028,110.0,0.37037037037037035,114.5,1.0,0.6666666666666666
515,112,DET,2020-01-02,126,LAC,1,0.042424242424242475,1030,105.25,0.13333333333333333,117.75,1.0,0.9090909090909091
516,85,MIA,2020-01-03,105,ORL,1,0.045454545454545414,1032,102.75,0.5,103.75,1.0,0.5454545454545454
517,106,ATL,2020-01-03,109,BOS,1,0.048484848484848575,1034,107.0,0.18181818181818182,117.5,1.0,0.8666666666666667
518,122,POR,2020-01-03,103,WAS,0,0.0429975429975431,1036,120.0,0.7727272727272727,112.5,0.0,0.2702702702702703
519,108,PHI,2020-01-03,118,HOU,1,0.039787798408488007,1038,111.5,0.38461538461538464,116.0,1.0,0.6551724137931034
520,112,NYK,2020-01-03,120,PHX,1,0.044117647058823595,1040,108.75,0.29411764705882354,115.75,1.0,0.75
521,113,NOP,2020-01-03,123,LAL,1,0.04761904761904745,1042,107.75,0.19047619047619047,117.75,1.0,0.8571428571428571
522,140,MEM,2020-01-04,114,LAC,0,0.048484848484848575,1044,110.5,0.18181818181818182,120.5,1.0,0.8666666666666667
523,121,TOR,2020-01-04,102,BKN,0,0.04140786749482395,1046,107.25,0.47619047619047616,109.25,1.0,0.5652173913043478
524,109,UTA,2020-01-04,96,ORL,0,0.03779289493575222,1048,105.25,0.6296296296296297,101.25,0.0,0.40816326530612246
525,121,OKC,2020-01-04,106,CLE,0,0.044117647058823595,1050,110.25,0.75,103.75,0.0,0.29411764705882354
526,111,IND,2020-01-04,116,ATL,1,0.043594902749832354,1052,113.75,0.7619047619047619,106.75,0.0,0.28169014084507044
527,111,BOS,2020-01-04,104,CHI,0,0.04707884288145214,1054,103.5,0.5121951219512195,104.5,1.0,0.5348837209302325
528,114,DEN,2020-01-04,128,WAS,1,0.042424242424242475,1056,117.0,0.9090909090909091,104.0,0.0,0.13333333333333333
529,123,CHA,2020-01-04,120,DAL,0,0.04273504273504258,1058,103.0,0.15384615384615385,114.5,1.0,0.8888888888888888
530,118,SAS,2020-01-04,127,MIL,1,0.04285714285714293,1060,108.0,0.14285714285714285,120.0,1.0,0.9
531,111,DET,2020-01-04,104,GSW,0,0.034782608695652195,1062,108.25,0.6,105.25,0.0,0.43478260869565216
532,117,NOP,2020-01-04,115,SAC,0,0.037878787878787845,1064,111.5,0.45454545454545453,114.0,1.0,0.5833333333333334
533,132,NYK,2020-01-05,135,LAC,1,0.04615384615384621,1066,105.75,0.2,115.25,1.0,0.8461538461538461
534,111,POR,2020-01-05,122,MIA,1,0.04784688995215314,1068,105.25,0.3508771929824561,110.25,1.0,0.696969696969697
535,118,MIN,2020-01-05,103,CLE,0,0.04480286738351258,1070,111.75,0.7222222222222222,105.75,0.0,0.3225806451612903
536,121,MEM,2020-01-05,114,PHX,0,0.044117647058823595,1072,114.5,0.29411764705882354,121.5,1.0,0.75
537,99,DET,2020-01-05,106,LAL,1,0.043290043290043156,1074,102.75,0.09090909090909091,117.25,1.0,0.9523809523809523
538,89,BKN,2020-01-06,101,ORL,1,0.044642857142857206,1076,103.75,0.35714285714285715,108.75,1.0,0.6875
539,115,IND,2020-01-06,104,CHA,0,0.04348771472059143,1078,107.75,0.726027397260274,101.25,0.0,0.31746031746031744
540,94,BOS,2020-01-06,99,WAS,1,0.04208754208754195,1080,116.75,0.8148148148148148,108.25,0.0,0.22727272727272727
541,113,OKC,2020-01-06,120,PHI,1,0.0429975429975431,1082,101.25,0.2702702702702703,109.25,1.0,0.7727272727272727
542,123,DEN,2020-01-06,115,ATL,0,0.04521963824289399,1084,115.75,0.7674418604651163,108.25,0.0,0.2777777777777778
543,128,UTA,2020-01-06,126,NOP,0,0.04285714285714293,1086,112.5,0.6428571428571429,108.5,0.0,0.4
544,104,MIL,2020-01-06,126,SAS,1,0.050000000000000044,1088,118.25,0.8,110.25,0.0,0.25
545,110,CHI,2020-01-06,118,DAL,1,0.050000000000000044,1090,104.75,0.25,112.75,1.0,0.8
546,98,GSW,2020-01-06,111,SAC,1,0.04761904761904745,1092,101.5,0.19047619047619047,111.5,1.0,0.8571428571428571
547,115,DET,2020-01-07,113,CLE,0,0.03779289493575222,1094,111.5,0.6296296296296297,108.0,0.0,0.40816326530612246
548,101,POR,2020-01-07,99,TOR,0,0.037878787878787845,1096,109.25,0.45454545454545453,111.75,1.0,0.5833333333333334
549,111,OKC,2020-01-07,103,BKN,0,0.045454545454545414,1098,108.0,0.5,109.0,1.0,0.5454545454545454
550,112,MIN,2020-01-07,119,MEM,1,0.039787798408488007,1100,112.0,0.38461538461538464,116.5,1.0,0.6551724137931034
551,114,SAC,2020-01-07,103,PHX,0,0.03987240829346095,1102,109.75,0.30303030303030304,116.25,1.0,0.7368421052631579
552,87,NYK,2020-01-07,117,LAL,1,0.04117647058823537,1104,104.5,0.1,118.0,1.0,0.9411764705882353
553,112,TOR,2020-01-08,110,CHA,0,0.037878787878787845,1106,104.75,0.5833333333333334,102.25,0.0,0.45454545454545453
554,122,MIA,2020-01-08,108,IND,0,0.04336043360433606,1108,104.25,0.4878048780487805,105.75,1.0,0.5555555555555556
555,89,WAS,2020-01-08,123,ORL,1,0.04385964912280693,1110,104.5,0.21052631578947367,114.0,1.0,0.8333333333333334
556,129,SAS,2020-01-08,114,BOS,0,0.04181184668989557,1112,106.75,0.2857142857142857,113.75,1.0,0.7560975609756098
557,107,DEN,2020-01-08,106,DAL,0,0.04127966976264186,1114,108.75,0.39215686274509803,112.75,1.0,0.6491228070175439
558,122,HOU,2020-01-08,115,ATL,0,0.04576659038901609,1116,122.5,0.782608695652174,114.5,0.0,0.2631578947368421
559,108,CHI,2020-01-08,123,NOP,1,0.03205128205128216,1118,111.0,0.4166666666666667,114.0,1.0,0.6153846153846154
560,104,NYK,2020-01-08,128,UTA,1,0.042763157894736725,1120,99.75,0.10526315789473684,113.75,1.0,0.9375
561,107,MIL,2020-01-08,98,GSW,0,0.042763157894736725,1122,115.5,0.9375,102.0,0.0,0.10526315789473684
562,115,CLE,2020-01-09,112,DET,0,0.04209720627631075,1124,107.0,0.29850746268656714,114.0,1.0,0.7435897435897436
563,98,BOS,2020-01-09,109,PHI,1,0.04761904761904767,1126,109.0,0.5238095238095238,109.0,0.5,0.5238095238095238
564,102,POR,2020-01-09,116,MIN,1,0.04761904761904767,1128,112.0,0.5238095238095238,112.0,0.5,0.5238095238095238
565,92,HOU,2020-01-09,113,OKC,1,0.03779289493575222,1130,115.5,0.6296296296296297,112.0,0.0,0.40816326530612246
566,101,ATL,2020-01-10,111,WAS,1,0.04707884288145214,1132,120.0,0.5348837209302325,119.0,0.0,0.5121951219512195
567,113,MIA,2020-01-10,117,BKN,1,0.04127966976264186,1134,110.75,0.6491228070175439,106.75,0.0,0.39215686274509803
568,121,SAS,2020-01-10,134,MEM,1,0.04761904761904767,1136,115.5,0.5238095238095238,115.5,0.5,0.5238095238095238
569,123,NOP,2020-01-10,111,NYK,0,0.04285714285714293,1138,115.0,0.6428571428571429,111.0,0.0,0.4
570,116,IND,2020-01-10,105,CHI,0,0.04707884288145214,1140,106.0,0.5121951219512195,107.0,1.0,0.5348837209302325
571,129,LAL,2020-01-10,114,DAL,0,0.03958436417615041,1142,110.25,0.46511627906976744,112.75,1.0,0.574468085106383
572,92,CHA,2020-01-10,109,UTA,1,0.04285714285714293,1144,99.25,0.14285714285714285,111.25,1.0,0.9
573,94,ORL,2020-01-10,98,PHX,1,0.03779289493575222,1146,106.75,0.40816326530612246,110.75,1.0,0.6296296296296297
574,127,MIL,2020-01-10,106,SAC,0,0.04385964912280693,1148,116.75,0.8333333333333334,107.25,0.0,0.21052631578947367
575,100,GSW,2020-01-10,109,LAC,1,0.042763157894736725,1150,101.75,0.10526315789473684,116.25,1.0,0.9375
576,109,MIN,2020-01-11,139,HOU,1,0.04615384615384621,1152,111.0,0.2,121.0,1.0,0.8461538461538461
577,105,NOP,2020-01-11,140,BOS,1,0.04273504273504258,1154,106.0,0.15384615384615385,117.5,1.0,0.8888888888888888
578,108,CHI,2020-01-11,99,DET,0,0.03779289493575222,1156,105.75,0.40816326530612246,109.75,1.0,0.6296296296296297
579,125,LAL,2020-01-11,110,OKC,0,0.050000000000000044,1158,102.5,0.25,111.0,1.0,0.8
580,91,PHI,2020-01-11,109,DAL,1,0.034782608695652195,1160,109.75,0.43478260869565216,112.25,1.0,0.6
581,111,CLE,2020-01-11,103,DEN,0,0.042424242424242475,1162,102.0,0.13333333333333333,114.5,1.0,0.9090909090909091
582,122,MIL,2020-01-11,101,POR,0,0.04444444444444451,1164,119.75,0.7777777777777778,112.25,0.0,0.26666666666666666
583,121,MIA,2020-01-12,124,NYK,1,0.04010695187165769,1166,112.25,0.7727272727272727,104.75,0.0,0.26737967914438504
584,127,UTA,2020-01-12,116,WAS,0,0.03980562448304381,1168,115.0,0.7916666666666666,109.0,0.0,0.24813895781637718
585,86,ATL,2020-01-12,108,BKN,1,0.03943545039435459,1170,108.25,0.3424657534246575,117.25,1.0,0.696969696969697
586,102,GSW,2020-01-12,122,MEM,1,0.03968253968253954,1172,109.25,0.31746031746031744,115.75,1.0,0.7222222222222222
587,105,SAS,2020-01-12,104,TOR,0,0.03205128205128216,1174,107.5,0.4166666666666667,112.5,1.0,0.6153846153846154
588,104,LAC,2020-01-12,114,DEN,1,0.04707884288145214,1176,110.75,0.5121951219512195,110.75,0.5,0.5348837209302325
589,92,CHA,2020-01-12,100,PHX,1,0.0402449693788276,1178,104.25,0.26246719160104987,112.75,1.0,0.7777777777777778
590,95,PHI,2020-01-13,101,IND,1,0.04140786749482395,1180,105.5,0.47619047619047616,109.0,1.0,0.5652173913043478
591,117,NOP,2020-01-13,110,DET,0,0.0475326560232221,1182,108.25,0.5283018867924528,113.25,1.0,0.5192307692307693
592,101,CHI,2020-01-13,113,BOS,1,0.039944903581267344,1184,103.5,0.2066115702479339,113.0,1.0,0.8333333333333334
593,117,OKC,2020-01-13,104,MIN,0,0.037878787878787845,1186,110.25,0.5833333333333334,107.75,0.0,0.45454545454545453
594,112,CHA,2020-01-13,115,POR,1,0.040000000000000036,1188,103.0,0.2,112.5,1.0,0.84
595,114,ORL,2020-01-13,112,SAC,0,0.03888856481751546,1190,106.5,0.4608294930875576,105.5,0.0,0.5780590717299579
596,99,CLE,2020-01-13,128,LAL,1,0.03995901639344268,1192,104.0,0.10245901639344263,118.0,1.0,0.9375
597,110,PHX,2020-01-14,123,ATL,1,0.03703703703703698,1194,116.0,0.6666666666666666,114.5,0.0,0.37037037037037035
598,118,UTA,2020-01-14,107,BKN,0,0.03958436417615041,1196,112.75,0.574468085106383,109.75,0.0,0.46511627906976744
599,110,HOU,2020-01-14,121,MEM,1,0.035014005602240994,1198,122.5,0.6428571428571429,118.0,0.0,0.39215686274509803
600,102,NYK,2020-01-14,128,MIL,1,0.040000000000000036,1200,106.25,0.08,122.75,1.0,0.96
601,103,CLE,2020-01-14,128,LAC,1,0.039990699837247234,1202,104.0,0.09881422924901186,120.0,1.0,0.9411764705882353
602,124,DAL,2020-01-14,97,GSW,0,0.04010695187165769,1204,115.75,0.7727272727272727,107.75,0.0,0.26737967914438504
603,106,BKN,2020-01-15,117,PHI,1,0.04018797601685309,1206,107.5,0.27548209366391185,114.0,1.0,0.7647058823529411
604,116,DET,2020-01-15,103,BOS,0,0.039944903581267344,1208,104.5,0.2066115702479339,113.5,1.0,0.8333333333333334
605,100,SAS,2020-01-15,106,MIA,1,0.03943545039435459,1210,107.25,0.3424657534246575,112.25,1.0,0.696969696969697
606,104,IND,2020-01-15,99,MIN,0,0.04066363044892651,1212,111.25,0.5689655172413793,106.75,0.0,0.4716981132075472
607,130,TOR,2020-01-15,121,OKC,0,0.04140786749482395,1214,105.5,0.47619047619047616,107.0,1.0,0.5652173913043478
608,106,WAS,2020-01-15,115,CHI,1,0.034770010865628365,1216,112.25,0.398406374501992,116.25,1.0,0.6363636363636364
609,86,CHA,2020-01-15,100,DEN,1,0.03997122893547056,1218,99.0,0.12330456226880394,110.5,1.0,0.9166666666666666
610,117,POR,2020-01-15,107,HOU,0,0.03980562448304381,1220,114.0,0.24813895781637718,122.5,1.0,0.7916666666666666
611,127,DAL,2020-01-15,123,SAC,0,0.03247757500773263,1222,114.75,0.6226415094339622,110.75,0.0,0.4098360655737705
612,119,ORL,2020-01-15,118,LAL,0,0.04000198767640639,1224,99.75,0.17889087656529518,109.75,1.0,0.8611111111111112
613,121,PHX,2020-01-16,98,NYK,0,0.03958436417615041,1226,114.5,0.574468085106383,112.0,0.0,0.46511627906976744
614,123,BOS,2020-01-16,128,MIL,1,0.04166666666666674,1228,108.25,0.16666666666666666,119.25,1.0,0.875
615,132,UTA,2020-01-16,138,NOP,1,0.04784688995215314,1230,115.25,0.696969696969697,109.75,0.0,0.3508771929824561
616,95,ORL,2020-01-16,122,LAC,1,0.04761904761904745,1232,103.5,0.19047619047619047,113.5,1.0,0.8571428571428571
617,134,DEN,2020-01-16,131,GSW,0,0.03779289493575222,1234,108.25,0.6296296296296297,104.75,0.0,0.40816326530612246
618,89,CHI,2020-01-17,100,PHI,1,0.04697430229345123,1236,103.0,0.2597402597402597,110.5,1.0,0.7872340425531915
619,111,WAS,2020-01-17,140,TOR,1,0.04761904761904745,1238,110.25,0.19047619047619047,120.75,1.0,0.8571428571428571
620,114,MIN,2020-01-17,116,IND,1,0.03987240829346095,1240,105.75,0.30303030303030304,112.25,1.0,0.7368421052631579
621,115,MIA,2020-01-17,108,OKC,0,0.04707884288145214,1242,108.75,0.5348837209302325,107.75,0.0,0.5121951219512195
622,109,CLE,2020-01-17,113,MEM,1,0.04208754208754195,1244,110.25,0.22727272727272727,119.25,1.0,0.8148148148148148
623,121,ATL,2020-01-17,120,SAS,0,0.04040404040404044,1246,111.0,0.2222222222222222,120.0,1.0,0.8181818181818182
624,112,POR,2020-01-17,120,DAL,1,0.04576659038901609,1248,110.5,0.2631578947368421,118.0,1.0,0.782608695652174
625,133,LAC,2020-01-18,130,NOP,0,0.05070993914807298,1250,120.5,0.7058823529411765,115.0,0.0,0.3448275862068966
626,117,MIL,2020-01-18,97,BKN,0,0.048484848484848575,1252,123.25,0.8666666666666667,112.25,0.0,0.18181818181818182
627,123,PHX,2020-01-18,119,BOS,0,0.03703703703703698,1254,108.0,0.37037037037037035,112.5,1.0,0.6666666666666666
628,136,DET,2020-01-18,103,ATL,0,0.045454545454545414,1256,114.25,0.5454545454545454,113.25,0.0,0.5
629,90,PHI,2020-01-18,87,NYK,0,0.04285714285714293,1258,111.25,0.6428571428571429,107.25,0.0,0.4
630,122,TOR,2020-01-18,112,MIN,0,0.04127966976264186,1260,114.25,0.6491228070175439,110.25,0.0,0.39215686274509803
631,116,CLE,2020-01-18,118,CHI,1,0.04444444444444451,1262,103.75,0.26666666666666666,111.25,1.0,0.7777777777777778
632,124,LAL,2020-01-18,115,HOU,0,0.03205128205128216,1264,115.75,0.4166666666666667,119.25,1.0,0.6153846153846154
633,95,ORL,2020-01-18,109,GSW,1,0.04761904761904767,1266,110.0,0.7142857142857143,104.0,0.0,0.3333333333333333
634,106,POR,2020-01-18,119,OKC,1,0.042229729729729826,1268,104.75,0.3125,111.25,1.0,0.7297297297297297
635,101,SAC,2020-01-18,123,UTA,1,0.04040404040404044,1270,107.0,0.2222222222222222,116.0,1.0,0.8181818181818182
636,102,MIA,2020-01-19,107,SAS,1,0.045454545454545414,1272,112.0,0.5454545454545454,110.5,0.0,0.5
637,115,IND,2020-01-19,107,DEN,0,0.04707884288145214,1274,107.25,0.5348837209302325,106.25,0.0,0.5121951219512195
638,100,DET,2020-01-20,106,WAS,1,0.04761904761904767,1276,116.0,0.5238095238095238,116.0,0.5,0.5238095238095238
639,122,TOR,2020-01-20,117,ATL,0,0.04040404040404044,1278,120.0,0.8181818181818182,111.0,0.0,0.2222222222222222
640,117,PHI,2020-01-20,111,BKN,0,0.037878787878787845,1280,110.5,0.5833333333333334,108.0,0.0,0.45454545454545453
641,113,SAC,2020-01-20,118,MIA,1,0.03337505214851899,1282,108.75,0.425531914893617,112.25,1.0,0.6078431372549019
642,98,CHI,2020-01-20,111,MIL,1,0.044871794871794934,1284,105.0,0.08333333333333333,120.5,1.0,0.9615384615384616
643,106,NYK,2020-01-20,86,CLE,0,0.045454545454545414,1286,111.75,0.5454545454545454,110.25,0.0,0.5
644,106,ORL,2020-01-20,83,CHA,0,0.03205128205128216,1288,105.0,0.6153846153846154,101.5,0.0,0.4166666666666667
645,126,NOP,2020-01-20,116,MEM,0,0.03205128205128216,1290,119.25,0.4166666666666667,122.75,1.0,0.6153846153846154
646,112,OKC,2020-01-20,107,HOU,0,0.04181184668989557,1292,111.5,0.2857142857142857,119.0,1.0,0.7560975609756098
647,107,LAL,2020-01-20,139,BOS,1,0.03205128205128216,1294,114.75,0.6153846153846154,111.75,0.0,0.4166666666666667
648,107,DEN,2020-01-20,100,MIN,0,0.03205128205128216,1296,108.75,0.4166666666666667,112.25,1.0,0.6153846153846154
649,88,IND,2020-01-20,118,UTA,1,0.050000000000000044,1298,103.75,0.25,111.75,1.0,0.8
650,120,SAS,2020-01-20,118,PHX,0,0.039787798408488007,1300,112.75,0.38461538461538464,117.25,1.0,0.6551724137931034
651,124,GSW,2020-01-20,129,POR,1,0.04521963824289399,1302,107.25,0.2777777777777778,114.75,1.0,0.7674418604651163
652,110,LAC,2020-01-21,107,DAL,0,0.037878787878787845,1304,114.5,0.45454545454545453,117.0,1.0,0.5833333333333334
653,106,SAC,2020-01-22,127,DET,1,0.04336043360433606,1306,112.0,0.5555555555555556,110.0,0.0,0.4878048780487805
654,120,OKC,2020-01-22,114,ORL,0,0.037878787878787845,1308,103.75,0.45454545454545453,106.25,1.0,0.5833333333333334
655,129,WAS,2020-01-22,134,MIA,1,0.04761904761904745,1310,109.5,0.19047619047619047,119.5,1.0,0.8571428571428571
656,100,LAL,2020-01-22,92,NYK,0,0.04235294117647048,1312,117.75,0.8823529411764706,106.25,0.0,0.16
657,95,PHI,2020-01-22,107,TOR,1,0.04761904761904767,1314,105.0,0.3333333333333333,111.0,1.0,0.7142857142857143
658,95,LAC,2020-01-22,102,ATL,1,0.03703703703703698,1316,116.25,0.6666666666666666,111.75,0.0,0.37037037037037035
659,95,MEM,2020-01-22,119,BOS,1,0.03987240829346095,1318,112.75,0.30303030303030304,119.75,1.0,0.7368421052631579
660,121,SAS,2020-01-22,117,NOP,0,0.03205128205128216,1320,116.5,0.4166666666666667,120.0,1.0,0.6153846153846154
661,105,DEN,2020-01-22,121,HOU,1,0.04615384615384621,1322,108.5,0.2,118.5,1.0,0.8461538461538461
662,110,MIN,2020-01-22,117,CHI,1,0.04761904761904767,1324,109.75,0.5238095238095238,109.75,0.5,0.5238095238095238
663,112,IND,2020-01-22,87,PHX,0,0.04707884288145214,1326,111.25,0.5348837209302325,110.25,0.0,0.5121951219512195
664,129,UTA,2020-01-22,96,GSW,0,0.04040404040404044,1328,114.75,0.8181818181818182,105.75,0.0,0.2222222222222222
665,124,WAS,2020-01-23,112,CLE,0,0.037878787878787845,1330,114.25,0.45454545454545453,116.75,1.0,0.5833333333333334
666,128,LAL,2020-01-23,113,BKN,0,0.04761904761904767,1332,119.0,0.7142857142857143,113.5,0.0,0.3333333333333333
667,133,DAL,2020-01-23,125,POR,0,0.04784688995215314,1334,116.25,0.696969696969697,110.75,0.0,0.3508771929824561
668,116,MIL,2020-01-24,103,CHA,0,0.04444444444444451,1336,117.0,0.9333333333333333,102.5,0.0,0.1111111111111111
669,109,BOS,2020-01-24,98,ORL,0,0.034782608695652195,1338,105.0,0.43478260869565216,108.0,1.0,0.6
670,125,MEM,2020-01-24,112,DET,0,0.04336043360433606,1340,116.5,0.5555555555555556,115.0,0.0,0.4878048780487805
671,118,TOR,2020-01-24,112,NYK,0,0.04481792717086841,1342,113.0,0.8095238095238095,104.5,0.0,0.23529411764705882
672,98,SAC,2020-01-24,81,CHI,0,0.04140786749482395,1344,108.0,0.47619047619047616,109.5,1.0,0.5652173913043478
673,122,LAC,2020-01-24,117,MIA,0,0.03958436417615041,1346,110.25,0.574468085106383,108.25,0.0,0.46511627906976744
674,131,HOU,2020-01-24,124,MIN,0,0.04761904761904767,1348,120.25,0.7142857142857143,114.75,0.0,0.3333333333333333
675,113,DEN,2020-01-24,106,NOP,0,0.04285714285714293,1350,112.75,0.4,116.75,1.0,0.6428571428571429
676,111,ATL,2020-01-24,140,OKC,1,0.050000000000000044,1352,111.5,0.25,119.5,1.0,0.8
677,103,PHX,2020-01-24,99,SAS,0,0.03703703703703698,1354,110.5,0.37037037037037035,115.0,1.0,0.6666666666666666
678,129,IND,2020-01-24,118,GSW,0,0.042229729729729826,1356,111.25,0.7297297297297297,104.75,0.0,0.3125
679,107,DAL,2020-01-25,112,UTA,1,0.04105571847507328,1358,110.75,0.36363636363636365,115.75,1.0,0.6774193548387096
680,121,BKN,2020-01-25,111,DET,0,0.037878787878787845,1360,115.75,0.5833333333333334,113.25,0.0,0.45454545454545453
681,118,CHI,2020-01-25,106,CLE,0,0.04707884288145214,1362,104.75,0.5121951219512195,105.75,1.0,0.5348837209302325
682,113,OKC,2020-01-25,104,MIN,0,0.04336043360433606,1364,112.25,0.4878048780487805,113.75,1.0,0.5555555555555556
683,91,LAL,2020-01-25,108,PHI,1,0.04784688995215314,1366,111.25,0.696969696969697,106.25,0.0,0.3508771929824561
684,110,HOU,2020-01-26,117,DEN,1,0.037878787878787845,1368,111.5,0.45454545454545453,114.0,1.0,0.5833333333333334
685,110,TOR,2020-01-26,106,SAS,0,0.03779289493575222,1370,111.75,0.6296296296296297,108.25,0.0,0.40816326530612246
686,108,BOS,2020-01-26,123,NOP,1,0.04336043360433606,1372,115.75,0.4878048780487805,117.25,1.0,0.5555555555555556
687,109,PHX,2020-01-26,114,MEM,1,0.03958436417615041,1374,113.75,0.46511627906976744,115.75,1.0,0.574468085106383
688,112,LAC,2020-01-26,97,ORL,0,0.03337505214851899,1376,110.25,0.6078431372549019,107.25,0.0,0.425531914893617
689,97,BKN,2020-01-26,110,NYK,1,0.037878787878787845,1378,108.5,0.45454545454545453,111.0,1.0,0.5833333333333334
690,133,WAS,2020-01-26,152,ATL,1,0.04707884288145214,1380,120.25,0.5121951219512195,121.25,1.0,0.5348837209302325
691,129,IND,2020-01-26,139,POR,1,0.034782608695652195,1382,109.0,0.43478260869565216,112.0,1.0,0.6
